0001	BULBASAUR	GRASS	POISON	118	111	128
0001	BULBASAUR_FALL_2019	GRASS	POISON	118	111	128
0001	BULBASAUR_NORMAL	GRASS	POISON	118	111	128
0001	BULBASAUR_PURIFIED	GRASS	POISON	118	111	128
0001	BULBASAUR_SHADOW	GRASS	POISON	118	111	128
0002	IVYSAUR	GRASS	POISON	151	143	155
0002	IVYSAUR_NORMAL	GRASS	POISON	151	143	155
0002	IVYSAUR_PURIFIED	GRASS	POISON	151	143	155
0002	IVYSAUR_SHADOW	GRASS	POISON	151	143	155
0003	VENUSAUR	GRASS	POISON	198	189	190
0003	VENUSAUR_COPY_2019	GRASS	POISON	198	189	190
0003	VENUSAUR_NORMAL	GRASS	POISON	198	189	190
0003	VENUSAUR_PURIFIED	GRASS	POISON	198	189	190
0003	VENUSAUR_SHADOW	GRASS	POISON	198	189	190
0004	CHARMANDER	FIRE		116	93	118
0004	CHARMANDER_FALL_2019	FIRE		116	93	118
0004	CHARMANDER_NORMAL	FIRE		116	93	118
0004	CHARMANDER_PURIFIED	FIRE		116	93	118
0004	CHARMANDER_SHADOW	FIRE		116	93	118
0005	CHARMELEON	FIRE		158	126	151
0005	CHARMELEON_NORMAL	FIRE		158	126	151
0005	CHARMELEON_PURIFIED	FIRE		158	126	151
0005	CHARMELEON_SHADOW	FIRE		158	126	151
0006	CHARIZARD	FIRE	FLYING	223	173	186
0006	CHARIZARD_COPY_2019	FIRE	FLYING	223	173	186
0006	CHARIZARD_NORMAL	FIRE	FLYING	223	173	186
0006	CHARIZARD_PURIFIED	FIRE	FLYING	223	173	186
0006	CHARIZARD_SHADOW	FIRE	FLYING	223	173	186
0007	SQUIRTLE	WATER		94	121	127
0007	SQUIRTLE_FALL_2019	WATER		94	121	127
0007	SQUIRTLE_NORMAL	WATER		94	121	127
0007	SQUIRTLE_PURIFIED	WATER		94	121	127
0007	SQUIRTLE_SHADOW	WATER		94	121	127
0008	WARTORTLE	WATER		126	155	153
0008	WARTORTLE_NORMAL	WATER		126	155	153
0008	WARTORTLE_PURIFIED	WATER		126	155	153
0008	WARTORTLE_SHADOW	WATER		126	155	153
0009	BLASTOISE	WATER		171	207	188
0009	BLASTOISE_COPY_2019	WATER		171	207	188
0009	BLASTOISE_NORMAL	WATER		171	207	188
0009	BLASTOISE_PURIFIED	WATER		171	207	188
0009	BLASTOISE_SHADOW	WATER		171	207	188
0010	CATERPIE	BUG		55	55	128
0011	METAPOD	BUG		45	80	137
0012	BUTTERFREE	BUG	FLYING	167	137	155
0013	WEEDLE	BUG	POISON	63	50	120
0013	WEEDLE_NORMAL	BUG	POISON	63	50	120
0013	WEEDLE_PURIFIED	BUG	POISON	63	50	120
0013	WEEDLE_SHADOW	BUG	POISON	63	50	120
0014	KAKUNA	BUG	POISON	46	75	128
0014	KAKUNA_NORMAL	BUG	POISON	46	75	128
0014	KAKUNA_PURIFIED	BUG	POISON	46	75	128
0014	KAKUNA_SHADOW	BUG	POISON	46	75	128
0015	BEEDRILL	BUG	POISON	169	130	163
0015	BEEDRILL_NORMAL	BUG	POISON	169	130	163
0015	BEEDRILL_PURIFIED	BUG	POISON	169	130	163
0015	BEEDRILL_SHADOW	BUG	POISON	169	130	163
0016	PIDGEY	NORMAL	FLYING	85	73	120
0017	PIDGEOTTO	NORMAL	FLYING	117	105	160
0018	PIDGEOT	NORMAL	FLYING	166	154	195
0019	RATTATA	NORMAL		103	70	102
0019	RATTATA_ALOLA	DARK	NORMAL	103	70	102
0019	RATTATA_NORMAL	NORMAL		103	70	102
0019	RATTATA_PURIFIED	NORMAL		103	70	102
0019	RATTATA_SHADOW	NORMAL		103	70	102
0020	RATICATE	NORMAL		161	139	146
0020	RATICATE_ALOLA	DARK	NORMAL	135	154	181
0020	RATICATE_NORMAL	NORMAL		161	139	146
0020	RATICATE_PURIFIED	NORMAL		161	139	146
0020	RATICATE_SHADOW	NORMAL		161	139	146
0021	SPEAROW	NORMAL	FLYING	112	60	120
0022	FEAROW	NORMAL	FLYING	182	133	163
0023	EKANS	POISON		110	97	111
0023	EKANS_NORMAL	POISON		110	97	111
0023	EKANS_PURIFIED	POISON		110	97	111
0023	EKANS_SHADOW	POISON		110	97	111
0024	ARBOK	POISON		167	153	155
0024	ARBOK_NORMAL	POISON		167	153	155
0024	ARBOK_PURIFIED	POISON		167	153	155
0024	ARBOK_SHADOW	POISON		167	153	155
0025	PIKACHU	ELECTRIC		112	96	111
0025	PIKACHU_ADVENTURE_HAT_2020	ELECTRIC		112	96	111
0025	PIKACHU_COPY_2019	ELECTRIC		112	96	111
0025	PIKACHU_COSTUME_2020	ELECTRIC		112	96	111
0025	PIKACHU_FALL_2019	ELECTRIC		112	96	111
0025	PIKACHU_NORMAL	ELECTRIC		112	96	111
0025	PIKACHU_VS_2019	ELECTRIC		112	96	111
0025	PIKACHU_WINTER_2020	ELECTRIC		112	96	111
0026	RAICHU	ELECTRIC		193	151	155
0026	RAICHU_ALOLA	ELECTRIC	PSYCHIC	201	154	155
0026	RAICHU_NORMAL	ELECTRIC		193	151	155
0027	SANDSHREW	GROUND		126	120	137
0027	SANDSHREW_ALOLA	ICE	STEEL	125	129	137
0027	SANDSHREW_NORMAL	GROUND		126	120	137
0027	SANDSHREW_PURIFIED	GROUND		126	120	137
0027	SANDSHREW_SHADOW	GROUND		126	120	137
0028	SANDSLASH	GROUND		182	175	181
0028	SANDSLASH_ALOLA	ICE	STEEL	177	195	181
0028	SANDSLASH_NORMAL	GROUND		182	175	181
0028	SANDSLASH_PURIFIED	GROUND		182	175	181
0028	SANDSLASH_SHADOW	GROUND		182	175	181
0029	NIDORAN_F	POISON		86	89	146
0029	NIDORAN_F_NORMAL	POISON		86	89	146
0029	NIDORAN_F_PURIFIED	POISON		86	89	146
0029	NIDORAN_F_SHADOW	POISON		86	89	146
0030	NIDORINA	POISON		117	120	172
0030	NIDORINA_NORMAL	POISON		117	120	172
0030	NIDORINA_PURIFIED	POISON		117	120	172
0030	NIDORINA_SHADOW	POISON		117	120	172
0031	NIDOQUEEN	POISON	GROUND	180	173	207
0031	NIDOQUEEN_NORMAL	POISON	GROUND	180	173	207
0031	NIDOQUEEN_PURIFIED	POISON	GROUND	180	173	207
0031	NIDOQUEEN_SHADOW	POISON	GROUND	180	173	207
0032	NIDORAN_M	POISON		105	76	130
0032	NIDORAN_M_NORMAL	POISON		105	76	130
0032	NIDORAN_M_PURIFIED	POISON		105	76	130
0032	NIDORAN_M_SHADOW	POISON		105	76	130
0033	NIDORINO	POISON		137	111	156
0033	NIDORINO_NORMAL	POISON		137	111	156
0033	NIDORINO_PURIFIED	POISON		137	111	156
0033	NIDORINO_SHADOW	POISON		137	111	156
0034	NIDOKING	POISON	GROUND	204	156	191
0034	NIDOKING_NORMAL	POISON	GROUND	204	156	191
0034	NIDOKING_PURIFIED	POISON	GROUND	204	156	191
0034	NIDOKING_SHADOW	POISON	GROUND	204	156	191
0035	CLEFAIRY	FAIRY		107	108	172
0036	CLEFABLE	FAIRY		178	162	216
0037	VULPIX	FIRE		96	109	116
0037	VULPIX_ALOLA	ICE		96	109	116
0037	VULPIX_NORMAL	FIRE		96	109	116
0037	VULPIX_PURIFIED	FIRE		96	109	116
0037	VULPIX_SHADOW	FIRE		96	109	116
0038	NINETALES	FIRE		169	190	177
0038	NINETALES_ALOLA	ICE	FAIRY	170	193	177
0038	NINETALES_NORMAL	FIRE		169	190	177
0038	NINETALES_PURIFIED	FIRE		169	190	177
0038	NINETALES_SHADOW	FIRE		169	190	177
0039	JIGGLYPUFF	NORMAL	FAIRY	80	41	251
0040	WIGGLYTUFF	NORMAL	FAIRY	156	90	295
0041	ZUBAT	POISON	FLYING	83	73	120
0041	ZUBAT_NORMAL	POISON	FLYING	83	73	120
0041	ZUBAT_PURIFIED	POISON	FLYING	83	73	120
0041	ZUBAT_SHADOW	POISON	FLYING	83	73	120
0042	GOLBAT	POISON	FLYING	161	150	181
0042	GOLBAT_NORMAL	POISON	FLYING	161	150	181
0042	GOLBAT_PURIFIED	POISON	FLYING	161	150	181
0042	GOLBAT_SHADOW	POISON	FLYING	161	150	181
0043	ODDISH	GRASS	POISON	131	112	128
0043	ODDISH_NORMAL	GRASS	POISON	131	112	128
0043	ODDISH_PURIFIED	GRASS	POISON	131	112	128
0043	ODDISH_SHADOW	GRASS	POISON	131	112	128
0044	GLOOM	GRASS	POISON	153	136	155
0044	GLOOM_NORMAL	GRASS	POISON	153	136	155
0044	GLOOM_PURIFIED	GRASS	POISON	153	136	155
0044	GLOOM_SHADOW	GRASS	POISON	153	136	155
0045	VILEPLUME	GRASS	POISON	202	167	181
0045	VILEPLUME_NORMAL	GRASS	POISON	202	167	181
0045	VILEPLUME_PURIFIED	GRASS	POISON	202	167	181
0045	VILEPLUME_SHADOW	GRASS	POISON	202	167	181
0046	PARAS	BUG	GRASS	121	99	111
0047	PARASECT	BUG	GRASS	165	146	155
0048	VENONAT	BUG	POISON	100	100	155
0048	VENONAT_NORMAL	BUG	POISON	100	100	155
0048	VENONAT_PURIFIED	BUG	POISON	100	100	155
0048	VENONAT_SHADOW	BUG	POISON	100	100	155
0049	VENOMOTH	BUG	POISON	179	143	172
0049	VENOMOTH_NORMAL	BUG	POISON	179	143	172
0049	VENOMOTH_PURIFIED	BUG	POISON	179	143	172
0049	VENOMOTH_SHADOW	BUG	POISON	179	143	172
0050	DIGLETT	GROUND		109	78	67
0050	DIGLETT_ALOLA	GROUND	STEEL	108	81	67
0050	DIGLETT_NORMAL	GROUND		109	78	67
0050	DIGLETT_PURIFIED	GROUND		109	78	67
0050	DIGLETT_SHADOW	GROUND		109	78	67
0051	DUGTRIO	GROUND		167	134	111
0051	DUGTRIO_ALOLA	GROUND	STEEL	201	142	111
0051	DUGTRIO_NORMAL	GROUND		167	136	111
0051	DUGTRIO_PURIFIED	GROUND		167	134	111
0051	DUGTRIO_SHADOW	GROUND		167	134	111
0052	MEOWTH	NORMAL		92	78	120
0052	MEOWTH_ALOLA	DARK		99	78	120
0052	MEOWTH_GALARIAN	STEEL		115	92	137
0052	MEOWTH_NORMAL	NORMAL		92	78	120
0052	MEOWTH_PURIFIED	NORMAL		92	78	120
0052	MEOWTH_SHADOW	NORMAL		92	78	120
0053	PERSIAN	NORMAL		150	136	163
0053	PERSIAN_ALOLA	DARK		158	136	163
0053	PERSIAN_NORMAL	NORMAL		150	136	163
0053	PERSIAN_PURIFIED	NORMAL		150	136	163
0053	PERSIAN_SHADOW	NORMAL		150	136	163
0054	PSYDUCK	WATER		122	95	137
0054	PSYDUCK_NORMAL	WATER		122	95	137
0054	PSYDUCK_PURIFIED	WATER		122	95	137
0054	PSYDUCK_SHADOW	WATER		122	95	137
0055	GOLDUCK	WATER		191	162	190
0055	GOLDUCK_NORMAL	WATER		191	162	190
0055	GOLDUCK_PURIFIED	WATER		191	162	190
0055	GOLDUCK_SHADOW	WATER		191	162	190
0056	MANKEY	FIGHTING		148	82	120
0057	PRIMEAPE	FIGHTING		207	138	163
0058	GROWLITHE	FIRE		136	93	146
0058	GROWLITHE_NORMAL	FIRE		136	93	146
0058	GROWLITHE_PURIFIED	FIRE		136	93	146
0058	GROWLITHE_SHADOW	FIRE		136	93	146
0059	ARCANINE	FIRE		227	166	207
0059	ARCANINE_NORMAL	FIRE		227	166	207
0059	ARCANINE_PURIFIED	FIRE		227	166	207
0059	ARCANINE_SHADOW	FIRE		227	166	207
0060	POLIWAG	WATER		101	82	120
0060	POLIWAG_NORMAL	WATER		101	82	120
0060	POLIWAG_PURIFIED	WATER		101	82	120
0060	POLIWAG_SHADOW	WATER		101	82	120
0061	POLIWHIRL	WATER		130	123	163
0061	POLIWHIRL_NORMAL	WATER		130	123	163
0061	POLIWHIRL_PURIFIED	WATER		130	123	163
0061	POLIWHIRL_SHADOW	WATER		130	123	163
0062	POLIWRATH	WATER	FIGHTING	182	184	207
0062	POLIWRATH_NORMAL	WATER	FIGHTING	182	184	207
0062	POLIWRATH_PURIFIED	WATER	FIGHTING	182	184	207
0062	POLIWRATH_SHADOW	WATER	FIGHTING	182	184	207
0063	ABRA	PSYCHIC		195	82	93
0063	ABRA_NORMAL	PSYCHIC		195	82	93
0063	ABRA_PURIFIED	PSYCHIC		195	82	93
0063	ABRA_SHADOW	PSYCHIC		195	82	93
0064	KADABRA	PSYCHIC		232	117	120
0064	KADABRA_NORMAL	PSYCHIC		232	117	120
0064	KADABRA_PURIFIED	PSYCHIC		232	117	120
0064	KADABRA_SHADOW	PSYCHIC		232	117	120
0065	ALAKAZAM	PSYCHIC		271	167	146
0065	ALAKAZAM_NORMAL	PSYCHIC		271	167	146
0065	ALAKAZAM_PURIFIED	PSYCHIC		271	167	146
0065	ALAKAZAM_SHADOW	PSYCHIC		271	167	146
0066	MACHOP	FIGHTING		137	82	172
0066	MACHOP_NORMAL	FIGHTING		137	82	172
0066	MACHOP_PURIFIED	FIGHTING		137	82	172
0066	MACHOP_SHADOW	FIGHTING		137	82	172
0067	MACHOKE	FIGHTING		177	125	190
0067	MACHOKE_NORMAL	FIGHTING		177	125	190
0067	MACHOKE_PURIFIED	FIGHTING		177	125	190
0067	MACHOKE_SHADOW	FIGHTING		177	125	190
0068	MACHAMP	FIGHTING		234	159	207
0068	MACHAMP_NORMAL	FIGHTING		234	159	207
0068	MACHAMP_PURIFIED	FIGHTING		234	159	207
0068	MACHAMP_SHADOW	FIGHTING		234	159	207
0069	BELLSPROUT	GRASS	POISON	139	61	137
0069	BELLSPROUT_NORMAL	GRASS	POISON	139	61	137
0069	BELLSPROUT_PURIFIED	GRASS	POISON	139	61	137
0069	BELLSPROUT_SHADOW	GRASS	POISON	139	61	137
0070	WEEPINBELL	GRASS	POISON	172	92	163
0070	WEEPINBELL_NORMAL	GRASS	POISON	172	92	163
0070	WEEPINBELL_PURIFIED	GRASS	POISON	172	92	163
0070	WEEPINBELL_SHADOW	GRASS	POISON	172	92	163
0071	VICTREEBEL	GRASS	POISON	207	135	190
0071	VICTREEBEL_NORMAL	GRASS	POISON	207	135	190
0071	VICTREEBEL_PURIFIED	GRASS	POISON	207	135	190
0071	VICTREEBEL_SHADOW	GRASS	POISON	207	135	190
0072	TENTACOOL	WATER	POISON	97	149	120
0073	TENTACRUEL	WATER	POISON	166	209	190
0074	GEODUDE	ROCK	GROUND	132	132	120
0074	GEODUDE_ALOLA	ROCK	ELECTRIC	132	132	120
0074	GEODUDE_NORMAL	ROCK	GROUND	132	132	120
0074	GEODUDE_PURIFIED	ROCK	GROUND	132	132	120
0074	GEODUDE_SHADOW	ROCK	GROUND	132	132	120
0075	GRAVELER	ROCK	GROUND	164	164	146
0075	GRAVELER_ALOLA	ROCK	ELECTRIC	164	164	146
0075	GRAVELER_NORMAL	ROCK	GROUND	164	164	146
0075	GRAVELER_PURIFIED	ROCK	GROUND	164	164	146
0075	GRAVELER_SHADOW	ROCK	GROUND	164	164	146
0076	GOLEM	ROCK	GROUND	211	198	190
0076	GOLEM_ALOLA	ROCK	ELECTRIC	211	198	190
0076	GOLEM_NORMAL	ROCK	GROUND	211	198	190
0076	GOLEM_PURIFIED	ROCK	GROUND	211	198	190
0076	GOLEM_SHADOW	ROCK	GROUND	211	198	190
0077	PONYTA	FIRE		170	127	137
0077	PONYTA_GALARIAN	PSYCHIC		170	127	137
0077	PONYTA_NORMAL	FIRE		170	127	137
0077	PONYTA_PURIFIED	FIRE		170	127	137
0077	PONYTA_SHADOW	FIRE		170	127	137
0078	RAPIDASH	FIRE		207	162	163
0078	RAPIDASH_GALARIAN	PSYCHIC	FAIRY	207	162	163
0078	RAPIDASH_NORMAL	FIRE		207	162	163
0078	RAPIDASH_PURIFIED	FIRE		207	162	163
0078	RAPIDASH_SHADOW	FIRE		207	162	163
0079	SLOWPOKE	WATER	PSYCHIC	109	98	207
0079	SLOWPOKE_2020	WATER	PSYCHIC	109	98	207
0079	SLOWPOKE_NORMAL	WATER	PSYCHIC	109	98	207
0079	SLOWPOKE_PURIFIED	WATER	PSYCHIC	109	98	207
0079	SLOWPOKE_SHADOW	WATER	PSYCHIC	109	98	207
0080	SLOWBRO	WATER	PSYCHIC	177	180	216
0080	SLOWBRO_2021	WATER	PSYCHIC	177	180	216
0080	SLOWBRO_NORMAL	WATER	PSYCHIC	177	180	216
0080	SLOWBRO_PURIFIED	WATER	PSYCHIC	177	180	216
0080	SLOWBRO_SHADOW	WATER	PSYCHIC	177	180	216
0081	MAGNEMITE	ELECTRIC	STEEL	165	121	93
0081	MAGNEMITE_NORMAL	ELECTRIC	STEEL	165	121	93
0081	MAGNEMITE_PURIFIED	ELECTRIC	STEEL	165	121	93
0081	MAGNEMITE_SHADOW	ELECTRIC	STEEL	165	121	93
0082	MAGNETON	ELECTRIC	STEEL	223	169	137
0082	MAGNETON_NORMAL	ELECTRIC	STEEL	223	169	137
0082	MAGNETON_PURIFIED	ELECTRIC	STEEL	223	169	137
0082	MAGNETON_SHADOW	ELECTRIC	STEEL	223	169	137
0083	FARFETCHD	NORMAL	FLYING	124	115	141
0083	FARFETCHD_GALARIAN	FIGHTING		174	114	141
0083	FARFETCHD_NORMAL	NORMAL	FLYING	124	115	141
0083	FARFETCHD_PURIFIED	NORMAL	FLYING	124	115	141
0083	FARFETCHD_SHADOW	NORMAL	FLYING	124	115	141
0084	DODUO	NORMAL	FLYING	158	83	111
0085	DODRIO	NORMAL	FLYING	218	140	155
0086	SEEL	WATER		85	121	163
0087	DEWGONG	WATER	ICE	139	177	207
0088	GRIMER	POISON		135	90	190
0088	GRIMER_ALOLA	POISON	DARK	135	90	190
0088	GRIMER_NORMAL	POISON		135	90	190
0088	GRIMER_PURIFIED	POISON		135	90	190
0088	GRIMER_SHADOW	POISON		135	90	190
0089	MUK	POISON		190	172	233
0089	MUK_ALOLA	POISON	DARK	190	172	233
0089	MUK_NORMAL	POISON		190	172	233
0089	MUK_PURIFIED	POISON		190	172	233
0089	MUK_SHADOW	POISON		190	172	233
0090	SHELLDER	WATER		116	134	102
0090	SHELLDER_NORMAL	WATER		116	134	102
0090	SHELLDER_PURIFIED	WATER		116	134	102
0090	SHELLDER_SHADOW	WATER		116	134	102
0091	CLOYSTER	WATER	ICE	186	256	137
0091	CLOYSTER_NORMAL	WATER	ICE	186	256	137
0091	CLOYSTER_PURIFIED	WATER	ICE	186	256	137
0091	CLOYSTER_SHADOW	WATER	ICE	186	256	137
0092	GASTLY	GHOST	POISON	186	67	102
0093	HAUNTER	GHOST	POISON	223	107	128
0094	GENGAR	GHOST	POISON	261	149	155
0094	GENGAR_COSTUME_2020	GHOST	POISON	261	149	155
0094	GENGAR_NORMAL	GHOST	POISON	261	149	155
0095	ONIX	ROCK	GROUND	85	232	111
0095	ONIX_NORMAL	ROCK	GROUND	85	232	111
0095	ONIX_PURIFIED	ROCK	GROUND	85	232	111
0095	ONIX_SHADOW	ROCK	GROUND	85	232	111
0096	DROWZEE	PSYCHIC		89	136	155
0096	DROWZEE_NORMAL	PSYCHIC		89	136	155
0096	DROWZEE_PURIFIED	PSYCHIC		89	136	155
0096	DROWZEE_SHADOW	PSYCHIC		89	136	155
0097	HYPNO	PSYCHIC		144	193	198
0097	HYPNO_NORMAL	PSYCHIC		144	193	198
0097	HYPNO_PURIFIED	PSYCHIC		144	193	198
0097	HYPNO_SHADOW	PSYCHIC		144	193	198
0098	KRABBY	WATER		181	124	102
0098	KRABBY_NORMAL	WATER		181	124	102
0098	KRABBY_PURIFIED	WATER		181	124	102
0098	KRABBY_SHADOW	WATER		181	124	102
0099	KINGLER	WATER		240	181	146
0099	KINGLER_NORMAL	WATER		240	181	146
0099	KINGLER_PURIFIED	WATER		240	181	146
0099	KINGLER_SHADOW	WATER		240	181	146
0100	VOLTORB	ELECTRIC		109	111	120
0101	ELECTRODE	ELECTRIC		173	173	155
0102	EXEGGCUTE	GRASS	PSYCHIC	107	125	155
0102	EXEGGCUTE_NORMAL	GRASS	PSYCHIC	107	125	155
0102	EXEGGCUTE_PURIFIED	GRASS	PSYCHIC	107	125	155
0102	EXEGGCUTE_SHADOW	GRASS	PSYCHIC	107	125	155
0103	EXEGGUTOR	GRASS	PSYCHIC	233	149	216
0103	EXEGGUTOR_ALOLA	GRASS	DRAGON	230	153	216
0103	EXEGGUTOR_NORMAL	GRASS	PSYCHIC	233	149	216
0103	EXEGGUTOR_PURIFIED	GRASS	PSYCHIC	233	149	216
0103	EXEGGUTOR_SHADOW	GRASS	PSYCHIC	233	149	216
0104	CUBONE	GROUND		90	144	137
0104	CUBONE_NORMAL	GROUND		90	144	137
0104	CUBONE_PURIFIED	GROUND		90	144	137
0104	CUBONE_SHADOW	GROUND		90	144	137
0105	MAROWAK	GROUND		144	186	155
0105	MAROWAK_ALOLA	FIRE	GHOST	144	186	155
0105	MAROWAK_NORMAL	GROUND		144	186	155
0105	MAROWAK_PURIFIED	GROUND		144	186	155
0105	MAROWAK_SHADOW	GROUND		144	186	155
0106	HITMONLEE	FIGHTING		224	181	137
0106	HITMONLEE_NORMAL	FIGHTING		224	181	137
0106	HITMONLEE_PURIFIED	FIGHTING		224	181	137
0106	HITMONLEE_SHADOW	FIGHTING		224	181	137
0107	HITMONCHAN	FIGHTING		193	197	137
0107	HITMONCHAN_NORMAL	FIGHTING		193	197	137
0107	HITMONCHAN_PURIFIED	FIGHTING		193	197	137
0107	HITMONCHAN_SHADOW	FIGHTING		193	197	137
0108	LICKITUNG	NORMAL		108	137	207
0109	KOFFING	POISON		119	141	120
0109	KOFFING_NORMAL	POISON		119	141	120
0109	KOFFING_PURIFIED	POISON		119	141	120
0109	KOFFING_SHADOW	POISON		119	141	120
0110	WEEZING	POISON		174	197	163
0110	WEEZING_GALARIAN	POISON	FAIRY	174	197	163
0110	WEEZING_NORMAL	POISON		174	197	163
0110	WEEZING_PURIFIED	POISON		174	197	163
0110	WEEZING_SHADOW	POISON		174	197	163
0111	RHYHORN	GROUND	ROCK	140	127	190
0111	RHYHORN_NORMAL	GROUND	ROCK	140	127	190
0111	RHYHORN_PURIFIED	GROUND	ROCK	140	127	190
0111	RHYHORN_SHADOW	GROUND	ROCK	140	127	190
0112	RHYDON	GROUND	ROCK	222	171	233
0112	RHYDON_NORMAL	GROUND	ROCK	222	171	233
0112	RHYDON_PURIFIED	GROUND	ROCK	222	171	233
0112	RHYDON_SHADOW	GROUND	ROCK	222	171	233
0113	CHANSEY	NORMAL		60	128	487
0114	TANGELA	GRASS		183	169	163
0114	TANGELA_NORMAL	GRASS		183	169	163
0114	TANGELA_PURIFIED	GRASS		183	169	163
0114	TANGELA_SHADOW	GRASS		183	169	163
0115	KANGASKHAN	NORMAL		181	165	233
0115	KANGASKHAN_NORMAL	NORMAL		181	165	233
0115	KANGASKHAN_PURIFIED	NORMAL		181	165	233
0115	KANGASKHAN_SHADOW	NORMAL		181	165	233
0116	HORSEA	WATER		129	103	102
0116	HORSEA_NORMAL	WATER		129	103	102
0116	HORSEA_PURIFIED	WATER		129	103	102
0116	HORSEA_SHADOW	WATER		129	103	102
0117	SEADRA	WATER		187	156	146
0117	SEADRA_NORMAL	WATER		187	156	146
0117	SEADRA_PURIFIED	WATER		187	156	146
0117	SEADRA_SHADOW	WATER		187	156	146
0118	GOLDEEN	WATER		123	110	128
0119	SEAKING	WATER		175	147	190
0120	STARYU	WATER		137	112	102
0121	STARMIE	WATER	PSYCHIC	210	184	155
0122	MR_MIME	PSYCHIC	FAIRY	192	205	120
0122	MR_MIME_GALARIAN	ICE	PSYCHIC	183	169	137
0122	MR_MIME_NORMAL	PSYCHIC	FAIRY	192	205	120
0122	MR_MIME_PURIFIED	PSYCHIC	FAIRY	192	205	120
0122	MR_MIME_SHADOW	PSYCHIC	FAIRY	192	205	120
0123	SCYTHER	BUG	FLYING	218	170	172
0123	SCYTHER_NORMAL	BUG	FLYING	218	170	172
0123	SCYTHER_PURIFIED	BUG	FLYING	218	170	172
0123	SCYTHER_SHADOW	BUG	FLYING	218	170	172
0124	JYNX	ICE	PSYCHIC	223	151	163
0125	ELECTABUZZ	ELECTRIC		198	158	163
0125	ELECTABUZZ_NORMAL	ELECTRIC		198	158	163
0125	ELECTABUZZ_PURIFIED	ELECTRIC		198	158	163
0125	ELECTABUZZ_SHADOW	ELECTRIC		198	158	163
0126	MAGMAR	FIRE		206	154	163
0126	MAGMAR_NORMAL	FIRE		206	154	163
0126	MAGMAR_PURIFIED	FIRE		206	154	163
0126	MAGMAR_SHADOW	FIRE		206	154	163
0127	PINSIR	BUG		238	182	163
0127	PINSIR_NORMAL	BUG		238	182	163
0127	PINSIR_PURIFIED	BUG		238	182	163
0127	PINSIR_SHADOW	BUG		238	182	163
0128	TAUROS	NORMAL		198	183	181
0129	MAGIKARP	WATER		29	85	85
0129	MAGIKARP_NORMAL	WATER		29	85	85
0129	MAGIKARP_PURIFIED	WATER		29	85	85
0129	MAGIKARP_SHADOW	WATER		29	85	85
0130	GYARADOS	WATER	FLYING	237	186	216
0130	GYARADOS_NORMAL	WATER	FLYING	237	186	216
0130	GYARADOS_PURIFIED	WATER	FLYING	237	186	216
0130	GYARADOS_SHADOW	WATER	FLYING	237	186	216
0131	LAPRAS	WATER	ICE	165	174	277
0131	LAPRAS_NORMAL	WATER	ICE	165	174	277
0131	LAPRAS_PURIFIED	WATER	ICE	165	174	277
0131	LAPRAS_SHADOW	WATER	ICE	165	174	277
0132	DITTO	NORMAL		91	91	134
0133	EEVEE	NORMAL		104	114	146
0134	VAPOREON	WATER		205	161	277
0135	JOLTEON	ELECTRIC		232	182	163
0136	FLAREON	FIRE		246	179	163
0137	PORYGON	NORMAL		153	136	163
0137	PORYGON_NORMAL	NORMAL		153	136	163
0137	PORYGON_PURIFIED	NORMAL		153	136	163
0137	PORYGON_SHADOW	NORMAL		153	136	163
0138	OMANYTE	ROCK	WATER	155	153	111
0138	OMANYTE_NORMAL	ROCK	WATER	155	153	111
0138	OMANYTE_PURIFIED	ROCK	WATER	155	153	111
0138	OMANYTE_SHADOW	ROCK	WATER	155	153	111
0139	OMASTAR	ROCK	WATER	207	201	172
0139	OMASTAR_NORMAL	ROCK	WATER	207	201	172
0139	OMASTAR_PURIFIED	ROCK	WATER	207	201	172
0139	OMASTAR_SHADOW	ROCK	WATER	207	201	172
0140	KABUTO	ROCK	WATER	148	140	102
0140	KABUTO_NORMAL	ROCK	WATER	148	140	102
0140	KABUTO_PURIFIED	ROCK	WATER	148	140	102
0140	KABUTO_SHADOW	ROCK	WATER	148	140	102
0141	KABUTOPS	ROCK	WATER	220	186	155
0141	KABUTOPS_NORMAL	ROCK	WATER	220	186	155
0141	KABUTOPS_PURIFIED	ROCK	WATER	220	186	155
0141	KABUTOPS_SHADOW	ROCK	WATER	220	186	155
0142	AERODACTYL	ROCK	FLYING	221	159	190
0142	AERODACTYL_NORMAL	ROCK	FLYING	221	159	190
0142	AERODACTYL_PURIFIED	ROCK	FLYING	221	159	190
0142	AERODACTYL_SHADOW	ROCK	FLYING	221	159	190
0143	SNORLAX	NORMAL		190	169	330
0143	SNORLAX_NORMAL	NORMAL		190	169	330
0143	SNORLAX_PURIFIED	NORMAL		190	169	330
0143	SNORLAX_SHADOW	NORMAL		190	169	330
0144	ARTICUNO	ICE	FLYING	192	236	207
0144	ARTICUNO_NORMAL	ICE	FLYING	192	236	207
0144	ARTICUNO_PURIFIED	ICE	FLYING	192	236	207
0144	ARTICUNO_SHADOW	ICE	FLYING	192	236	207
0145	ZAPDOS	ELECTRIC	FLYING	253	185	207
0145	ZAPDOS_NORMAL	ELECTRIC	FLYING	253	185	207
0145	ZAPDOS_PURIFIED	ELECTRIC	FLYING	253	185	207
0145	ZAPDOS_SHADOW	ELECTRIC	FLYING	253	185	207
0146	MOLTRES	FIRE	FLYING	251	181	207
0146	MOLTRES_NORMAL	FIRE	FLYING	251	181	207
0146	MOLTRES_PURIFIED	FIRE	FLYING	251	181	207
0146	MOLTRES_SHADOW	FIRE	FLYING	251	181	207
0147	DRATINI	DRAGON		119	91	121
0147	DRATINI_NORMAL	DRAGON		119	91	121
0147	DRATINI_PURIFIED	DRAGON		119	91	121
0147	DRATINI_SHADOW	DRAGON		119	91	121
0148	DRAGONAIR	DRAGON		163	135	156
0148	DRAGONAIR_NORMAL	DRAGON		163	135	156
0148	DRAGONAIR_PURIFIED	DRAGON		163	135	156
0148	DRAGONAIR_SHADOW	DRAGON		163	135	156
0149	DRAGONITE	DRAGON	FLYING	263	198	209
0149	DRAGONITE_NORMAL	DRAGON	FLYING	263	198	209
0149	DRAGONITE_PURIFIED	DRAGON	FLYING	263	198	209
0149	DRAGONITE_SHADOW	DRAGON	FLYING	263	198	209
0150	MEWTWO	PSYCHIC		300	182	214
0150	MEWTWO_A	PSYCHIC		182	278	214
0150	MEWTWO_NORMAL	PSYCHIC		300	182	214
0150	MEWTWO_PURIFIED	PSYCHIC		300	182	214
0150	MEWTWO_SHADOW	PSYCHIC		300	182	214
0151	MEW	PSYCHIC		210	210	225
0152	CHIKORITA	GRASS		92	122	128
0153	BAYLEEF	GRASS		122	155	155
0154	MEGANIUM	GRASS		168	202	190
0155	CYNDAQUIL	FIRE		116	93	118
0156	QUILAVA	FIRE		158	126	151
0157	TYPHLOSION	FIRE		223	173	186
0158	TOTODILE	WATER		117	109	137
0159	CROCONAW	WATER		150	142	163
0160	FERALIGATR	WATER		205	188	198
0161	SENTRET	NORMAL		79	73	111
0162	FURRET	NORMAL		148	125	198
0163	HOOTHOOT	NORMAL	FLYING	67	88	155
0164	NOCTOWL	NORMAL	FLYING	145	156	225
0165	LEDYBA	BUG	FLYING	72	118	120
0166	LEDIAN	BUG	FLYING	107	179	146
0167	SPINARAK	BUG	POISON	105	73	120
0168	ARIADOS	BUG	POISON	161	124	172
0169	CROBAT	POISON	FLYING	194	178	198
0169	CROBAT_NORMAL	POISON	FLYING	194	178	198
0169	CROBAT_PURIFIED	POISON	FLYING	194	178	198
0169	CROBAT_SHADOW	POISON	FLYING	194	178	198
0170	CHINCHOU	WATER	ELECTRIC	106	97	181
0171	LANTURN	WATER	ELECTRIC	146	137	268
0172	PICHU	ELECTRIC		77	53	85
0173	CLEFFA	FAIRY		75	79	137
0174	IGGLYBUFF	NORMAL	FAIRY	69	32	207
0175	TOGEPI	FAIRY		67	116	111
0176	TOGETIC	FAIRY	FLYING	139	181	146
0177	NATU	PSYCHIC	FLYING	134	89	120
0178	XATU	PSYCHIC	FLYING	192	146	163
0179	MAREEP	ELECTRIC		114	79	146
0179	MAREEP_NORMAL	ELECTRIC		114	79	146
0179	MAREEP_PURIFIED	ELECTRIC		114	79	146
0179	MAREEP_SHADOW	ELECTRIC		114	79	146
0180	FLAAFFY	ELECTRIC		145	109	172
0180	FLAAFFY_NORMAL	ELECTRIC		145	109	172
0180	FLAAFFY_PURIFIED	ELECTRIC		145	109	172
0180	FLAAFFY_SHADOW	ELECTRIC		145	109	172
0181	AMPHAROS	ELECTRIC		211	169	207
0181	AMPHAROS_NORMAL	ELECTRIC		211	169	207
0181	AMPHAROS_PURIFIED	ELECTRIC		211	169	207
0181	AMPHAROS_SHADOW	ELECTRIC		211	169	207
0182	BELLOSSOM	GRASS		169	186	181
0182	BELLOSSOM_NORMAL	GRASS		169	186	181
0182	BELLOSSOM_PURIFIED	GRASS		169	186	181
0182	BELLOSSOM_SHADOW	GRASS		169	186	181
0183	MARILL	WATER	FAIRY	37	93	172
0184	AZUMARILL	WATER	FAIRY	112	152	225
0185	SUDOWOODO	ROCK		167	176	172
0186	POLITOED	WATER		174	179	207
0186	POLITOED_NORMAL	WATER		174	179	207
0186	POLITOED_PURIFIED	WATER		174	179	207
0186	POLITOED_SHADOW	WATER		174	179	207
0187	HOPPIP	GRASS	FLYING	67	94	111
0187	HOPPIP_NORMAL	GRASS	FLYING	67	94	111
0187	HOPPIP_PURIFIED	GRASS	FLYING	67	94	111
0187	HOPPIP_SHADOW	GRASS	FLYING	67	94	111
0188	SKIPLOOM	GRASS	FLYING	91	120	146
0188	SKIPLOOM_NORMAL	GRASS	FLYING	91	120	146
0188	SKIPLOOM_PURIFIED	GRASS	FLYING	91	120	146
0188	SKIPLOOM_SHADOW	GRASS	FLYING	91	120	146
0189	JUMPLUFF	GRASS	FLYING	118	183	181
0189	JUMPLUFF_NORMAL	GRASS	FLYING	118	183	181
0189	JUMPLUFF_PURIFIED	GRASS	FLYING	118	183	181
0189	JUMPLUFF_SHADOW	GRASS	FLYING	118	183	181
0190	AIPOM	NORMAL		136	112	146
0190	AIPOM_NORMAL	NORMAL		136	112	146
0190	AIPOM_PURIFIED	NORMAL		136	112	146
0190	AIPOM_SHADOW	NORMAL		136	112	146
0191	SUNKERN	GRASS		55	55	102
0192	SUNFLORA	GRASS		185	135	181
0193	YANMA	BUG	FLYING	154	94	163
0194	WOOPER	WATER	GROUND	75	66	146
0194	WOOPER_NORMAL	WATER	GROUND	75	66	146
0194	WOOPER_PURIFIED	WATER	GROUND	75	66	146
0194	WOOPER_SHADOW	WATER	GROUND	75	66	146
0195	QUAGSIRE	WATER	GROUND	152	143	216
0195	QUAGSIRE_NORMAL	WATER	GROUND	152	143	216
0195	QUAGSIRE_PURIFIED	WATER	GROUND	152	143	216
0195	QUAGSIRE_SHADOW	WATER	GROUND	152	143	216
0196	ESPEON	PSYCHIC		261	175	163
0197	UMBREON	DARK		126	240	216
0198	MURKROW	DARK	FLYING	175	87	155
0198	MURKROW_NORMAL	DARK	FLYING	175	87	155
0198	MURKROW_PURIFIED	DARK	FLYING	175	87	155
0198	MURKROW_SHADOW	DARK	FLYING	175	87	155
0199	SLOWKING	WATER	PSYCHIC	177	180	216
0199	SLOWKING_NORMAL	WATER	PSYCHIC	177	180	216
0199	SLOWKING_PURIFIED	WATER	PSYCHIC	177	180	216
0199	SLOWKING_SHADOW	WATER	PSYCHIC	177	180	216
0200	MISDREAVUS	GHOST		167	154	155
0200	MISDREAVUS_NORMAL	GHOST		167	154	155
0200	MISDREAVUS_PURIFIED	GHOST		167	154	155
0200	MISDREAVUS_SHADOW	GHOST		167	154	155
0201	UNOWN	PSYCHIC		136	91	134
0202	WOBBUFFET	PSYCHIC		60	106	382
0202	WOBBUFFET_NORMAL	PSYCHIC		60	106	382
0202	WOBBUFFET_PURIFIED	PSYCHIC		60	106	382
0202	WOBBUFFET_SHADOW	PSYCHIC		60	106	382
0203	GIRAFARIG	NORMAL	PSYCHIC	182	133	172
0204	PINECO	BUG		108	122	137
0204	PINECO_NORMAL	BUG		108	122	137
0204	PINECO_PURIFIED	BUG		108	122	137
0204	PINECO_SHADOW	BUG		108	122	137
0205	FORRETRESS	BUG	STEEL	161	205	181
0205	FORRETRESS_NORMAL	BUG	STEEL	161	205	181
0205	FORRETRESS_PURIFIED	BUG	STEEL	161	205	181
0205	FORRETRESS_SHADOW	BUG	STEEL	161	205	181
0206	DUNSPARCE	NORMAL		131	128	225
0207	GLIGAR	GROUND	FLYING	143	184	163
0207	GLIGAR_NORMAL	GROUND	FLYING	143	184	163
0207	GLIGAR_PURIFIED	GROUND	FLYING	143	184	163
0207	GLIGAR_SHADOW	GROUND	FLYING	143	184	163
0208	STEELIX	STEEL	GROUND	148	272	181
0208	STEELIX_NORMAL	STEEL	GROUND	148	272	181
0208	STEELIX_PURIFIED	STEEL	GROUND	148	272	181
0208	STEELIX_SHADOW	STEEL	GROUND	148	272	181
0209	SNUBBULL	FAIRY		137	85	155
0209	SNUBBULL_NORMAL	FAIRY		137	85	155
0209	SNUBBULL_PURIFIED	FAIRY		137	85	155
0209	SNUBBULL_SHADOW	FAIRY		137	85	155
0210	GRANBULL	FAIRY		212	131	207
0210	GRANBULL_NORMAL	FAIRY		212	131	207
0210	GRANBULL_PURIFIED	FAIRY		212	131	207
0210	GRANBULL_SHADOW	FAIRY		212	131	207
0211	QWILFISH	WATER	POISON	184	138	163
0212	SCIZOR	BUG	STEEL	236	181	172
0212	SCIZOR_NORMAL	BUG	STEEL	236	181	172
0212	SCIZOR_PURIFIED	BUG	STEEL	236	181	172
0212	SCIZOR_SHADOW	BUG	STEEL	236	181	172
0213	SHUCKLE	BUG	ROCK	17	396	85
0213	SHUCKLE_NORMAL	BUG	ROCK	17	396	85
0213	SHUCKLE_PURIFIED	BUG	ROCK	17	396	85
0213	SHUCKLE_SHADOW	BUG	ROCK	17	396	85
0214	HERACROSS	BUG	FIGHTING	234	179	190
0215	SNEASEL	DARK	ICE	189	146	146
0215	SNEASEL_NORMAL	DARK	ICE	189	146	146
0215	SNEASEL_PURIFIED	DARK	ICE	189	146	146
0215	SNEASEL_SHADOW	DARK	ICE	189	146	146
0216	TEDDIURSA	NORMAL		142	93	155
0216	TEDDIURSA_NORMAL	NORMAL		142	93	155
0216	TEDDIURSA_PURIFIED	NORMAL		142	93	155
0216	TEDDIURSA_SHADOW	NORMAL		142	93	155
0217	URSARING	NORMAL		236	144	207
0217	URSARING_NORMAL	NORMAL		236	144	207
0217	URSARING_PURIFIED	NORMAL		236	144	207
0217	URSARING_SHADOW	NORMAL		236	144	207
0218	SLUGMA	FIRE		118	71	120
0219	MAGCARGO	FIRE	ROCK	139	191	137
0220	SWINUB	ICE	GROUND	90	69	137
0220	SWINUB_NORMAL	ICE	GROUND	90	69	137
0220	SWINUB_PURIFIED	ICE	GROUND	90	69	137
0220	SWINUB_SHADOW	ICE	GROUND	90	69	137
0221	PILOSWINE	ICE	GROUND	181	138	225
0221	PILOSWINE_NORMAL	ICE	GROUND	181	138	225
0221	PILOSWINE_PURIFIED	ICE	GROUND	181	138	225
0221	PILOSWINE_SHADOW	ICE	GROUND	181	138	225
0222	CORSOLA	WATER	ROCK	118	156	146
0223	REMORAID	WATER		127	69	111
0224	OCTILLERY	WATER		197	141	181
0225	DELIBIRD	ICE	FLYING	128	90	128
0225	DELIBIRD_NORMAL	ICE	FLYING	128	90	128
0225	DELIBIRD_PURIFIED	ICE	FLYING	128	90	128
0225	DELIBIRD_SHADOW	ICE	FLYING	128	90	128
0225	DELIBIRD_WINTER_2020	ICE	FLYING	128	90	128
0226	MANTINE	WATER	FLYING	148	226	163
0227	SKARMORY	STEEL	FLYING	148	226	163
0227	SKARMORY_NORMAL	STEEL	FLYING	148	226	163
0227	SKARMORY_PURIFIED	STEEL	FLYING	148	226	163
0227	SKARMORY_SHADOW	STEEL	FLYING	148	226	163
0228	HOUNDOUR	DARK	FIRE	152	83	128
0228	HOUNDOUR_NORMAL	DARK	FIRE	152	83	128
0228	HOUNDOUR_PURIFIED	DARK	FIRE	152	83	128
0228	HOUNDOUR_SHADOW	DARK	FIRE	152	83	128
0229	HOUNDOOM	DARK	FIRE	224	144	181
0229	HOUNDOOM_NORMAL	DARK	FIRE	224	144	181
0229	HOUNDOOM_PURIFIED	DARK	FIRE	224	144	181
0229	HOUNDOOM_SHADOW	DARK	FIRE	224	144	181
0230	KINGDRA	WATER	DRAGON	194	194	181
0230	KINGDRA_NORMAL	WATER	DRAGON	194	194	181
0230	KINGDRA_PURIFIED	WATER	DRAGON	194	194	181
0230	KINGDRA_SHADOW	WATER	DRAGON	194	194	181
0231	PHANPY	GROUND		107	98	207
0232	DONPHAN	GROUND		214	185	207
0233	PORYGON2	NORMAL		198	180	198
0233	PORYGON2_NORMAL	NORMAL		198	180	198
0233	PORYGON2_PURIFIED	NORMAL		198	180	198
0233	PORYGON2_SHADOW	NORMAL		198	180	198
0234	STANTLER	NORMAL		192	131	177
0234	STANTLER_NORMAL	NORMAL		192	131	177
0234	STANTLER_PURIFIED	NORMAL		192	131	177
0234	STANTLER_SHADOW	NORMAL		192	131	177
0235	SMEARGLE	NORMAL		40	83	146
0236	TYROGUE	FIGHTING		64	64	111
0237	HITMONTOP	FIGHTING		173	207	137
0238	SMOOCHUM	ICE	PSYCHIC	153	91	128
0239	ELEKID	ELECTRIC		135	101	128
0240	MAGBY	FIRE		151	99	128
0241	MILTANK	NORMAL		157	193	216
0242	BLISSEY	NORMAL		129	169	496
0243	RAIKOU	ELECTRIC		241	195	207
0243	RAIKOU_NORMAL	ELECTRIC		241	195	207
0243	RAIKOU_PURIFIED	ELECTRIC		241	195	207
0243	RAIKOU_SHADOW	ELECTRIC		241	195	207
0244	ENTEI	FIRE		235	171	251
0244	ENTEI_NORMAL	FIRE		235	171	251
0244	ENTEI_PURIFIED	FIRE		235	171	251
0244	ENTEI_SHADOW	FIRE		235	171	251
0245	SUICUNE	WATER		180	235	225
0245	SUICUNE_NORMAL	WATER		180	235	225
0245	SUICUNE_PURIFIED	WATER		180	235	225
0245	SUICUNE_SHADOW	WATER		180	235	225
0246	LARVITAR	ROCK	GROUND	115	93	137
0246	LARVITAR_NORMAL	ROCK	GROUND	115	93	137
0246	LARVITAR_PURIFIED	ROCK	GROUND	115	93	137
0246	LARVITAR_SHADOW	ROCK	GROUND	115	93	137
0247	PUPITAR	ROCK	GROUND	155	133	172
0247	PUPITAR_NORMAL	ROCK	GROUND	155	133	172
0247	PUPITAR_PURIFIED	ROCK	GROUND	155	133	172
0247	PUPITAR_SHADOW	ROCK	GROUND	155	133	172
0248	TYRANITAR	ROCK	DARK	251	207	225
0248	TYRANITAR_NORMAL	ROCK	DARK	251	207	225
0248	TYRANITAR_PURIFIED	ROCK	DARK	251	207	225
0248	TYRANITAR_SHADOW	ROCK	DARK	251	207	225
0249	LUGIA	PSYCHIC	FLYING	193	310	235
0250	HO_OH	FIRE	FLYING	239	244	214
0251	CELEBI	PSYCHIC	GRASS	210	210	225
0252	TREECKO	GRASS		124	94	120
0253	GROVYLE	GRASS		172	120	137
0254	SCEPTILE	GRASS		223	169	172
0255	TORCHIC	FIRE		130	87	128
0255	TORCHIC_NORMAL	FIRE		130	87	128
0255	TORCHIC_PURIFIED	FIRE		130	87	128
0255	TORCHIC_SHADOW	FIRE		130	87	128
0256	COMBUSKEN	FIRE	FIGHTING	163	115	155
0256	COMBUSKEN_NORMAL	FIRE	FIGHTING	163	115	155
0256	COMBUSKEN_PURIFIED	FIRE	FIGHTING	163	115	155
0256	COMBUSKEN_SHADOW	FIRE	FIGHTING	163	115	155
0257	BLAZIKEN	FIRE	FIGHTING	240	141	190
0257	BLAZIKEN_NORMAL	FIRE	FIGHTING	240	141	190
0257	BLAZIKEN_PURIFIED	FIRE	FIGHTING	240	141	190
0257	BLAZIKEN_SHADOW	FIRE	FIGHTING	240	141	190
0258	MUDKIP	WATER		126	93	137
0258	MUDKIP_NORMAL	WATER		126	93	137
0258	MUDKIP_PURIFIED	WATER		126	93	137
0258	MUDKIP_SHADOW	WATER		126	93	137
0259	MARSHTOMP	WATER	GROUND	156	133	172
0259	MARSHTOMP_NORMAL	WATER	GROUND	156	133	172
0259	MARSHTOMP_PURIFIED	WATER	GROUND	156	133	172
0259	MARSHTOMP_SHADOW	WATER	GROUND	156	133	172
0260	SWAMPERT	WATER	GROUND	208	175	225
0260	SWAMPERT_NORMAL	WATER	GROUND	208	175	225
0260	SWAMPERT_PURIFIED	WATER	GROUND	208	175	225
0260	SWAMPERT_SHADOW	WATER	GROUND	208	175	225
0261	POOCHYENA	DARK		96	61	111
0261	POOCHYENA_NORMAL	DARK		96	61	111
0261	POOCHYENA_PURIFIED	DARK		96	61	111
0261	POOCHYENA_SHADOW	DARK		96	61	111
0262	MIGHTYENA	DARK		171	132	172
0262	MIGHTYENA_NORMAL	DARK		171	132	172
0262	MIGHTYENA_PURIFIED	DARK		171	132	172
0262	MIGHTYENA_SHADOW	DARK		171	132	172
0263	ZIGZAGOON	NORMAL		58	80	116
0263	ZIGZAGOON_GALARIAN	DARK	NORMAL	58	80	116
0263	ZIGZAGOON_NORMAL	NORMAL		58	80	116
0263	ZIGZAGOON_PURIFIED	NORMAL		58	80	116
0263	ZIGZAGOON_SHADOW	NORMAL		58	80	116
0264	LINOONE	NORMAL		142	128	186
0264	LINOONE_GALARIAN	DARK	NORMAL	142	128	186
0264	LINOONE_NORMAL	NORMAL		142	128	186
0264	LINOONE_PURIFIED	NORMAL		142	128	186
0264	LINOONE_SHADOW	NORMAL		142	128	186
0265	WURMPLE	BUG		75	59	128
0266	SILCOON	BUG		60	77	137
0267	BEAUTIFLY	BUG	FLYING	189	98	155
0268	CASCOON	BUG		60	77	137
0269	DUSTOX	BUG	POISON	98	162	155
0270	LOTAD	WATER	GRASS	71	77	120
0271	LOMBRE	WATER	GRASS	112	119	155
0272	LUDICOLO	WATER	GRASS	173	176	190
0273	SEEDOT	GRASS		71	77	120
0273	SEEDOT_NORMAL	GRASS		71	77	120
0273	SEEDOT_PURIFIED	GRASS		71	77	120
0273	SEEDOT_SHADOW	GRASS		71	77	120
0274	NUZLEAF	GRASS	DARK	134	78	172
0274	NUZLEAF_NORMAL	GRASS	DARK	134	78	172
0274	NUZLEAF_PURIFIED	GRASS	DARK	134	78	172
0274	NUZLEAF_SHADOW	GRASS	DARK	134	78	172
0275	SHIFTRY	GRASS	DARK	200	121	207
0275	SHIFTRY_NORMAL	GRASS	DARK	200	121	207
0275	SHIFTRY_PURIFIED	GRASS	DARK	200	121	207
0275	SHIFTRY_SHADOW	GRASS	DARK	200	121	207
0276	TAILLOW	NORMAL	FLYING	106	61	120
0277	SWELLOW	NORMAL	FLYING	185	124	155
0278	WINGULL	WATER	FLYING	106	61	120
0279	PELIPPER	WATER	FLYING	175	174	155
0280	RALTS	PSYCHIC	FAIRY	79	59	99
0280	RALTS_NORMAL	PSYCHIC	FAIRY	79	59	99
0280	RALTS_PURIFIED	PSYCHIC	FAIRY	79	59	99
0280	RALTS_SHADOW	PSYCHIC	FAIRY	79	59	99
0281	KIRLIA	PSYCHIC	FAIRY	117	90	116
0281	KIRLIA_NORMAL	PSYCHIC	FAIRY	117	90	116
0281	KIRLIA_PURIFIED	PSYCHIC	FAIRY	117	90	116
0281	KIRLIA_SHADOW	PSYCHIC	FAIRY	117	90	116
0282	GARDEVOIR	PSYCHIC	FAIRY	237	195	169
0282	GARDEVOIR_NORMAL	PSYCHIC	FAIRY	237	195	169
0282	GARDEVOIR_PURIFIED	PSYCHIC	FAIRY	237	195	169
0282	GARDEVOIR_SHADOW	PSYCHIC	FAIRY	237	195	169
0283	SURSKIT	BUG	WATER	93	87	120
0284	MASQUERAIN	BUG	FLYING	192	150	172
0285	SHROOMISH	GRASS		74	110	155
0286	BRELOOM	GRASS	FIGHTING	241	144	155
0287	SLAKOTH	NORMAL		104	92	155
0288	VIGOROTH	NORMAL		159	145	190
0289	SLAKING	NORMAL		290	166	284
0290	NINCADA	BUG	GROUND	80	126	104
0291	NINJASK	BUG	FLYING	199	112	156
0292	SHEDINJA	BUG	GHOST	153	73	1
0293	WHISMUR	NORMAL		92	42	162
0294	LOUDRED	NORMAL		134	81	197
0295	EXPLOUD	NORMAL		179	137	232
0296	MAKUHITA	FIGHTING		99	54	176
0296	MAKUHITA_NORMAL	FIGHTING		99	54	176
0296	MAKUHITA_PURIFIED	FIGHTING		99	54	176
0296	MAKUHITA_SHADOW	FIGHTING		99	54	176
0297	HARIYAMA	FIGHTING		209	114	302
0297	HARIYAMA_NORMAL	FIGHTING		209	114	302
0297	HARIYAMA_PURIFIED	FIGHTING		209	114	302
0297	HARIYAMA_SHADOW	FIGHTING		209	114	302
0298	AZURILL	NORMAL	FAIRY	36	71	137
0299	NOSEPASS	ROCK		82	215	102
0299	NOSEPASS_NORMAL	ROCK		82	215	102
0299	NOSEPASS_PURIFIED	ROCK		82	215	102
0299	NOSEPASS_SHADOW	ROCK		82	215	102
0300	SKITTY	NORMAL		84	79	137
0301	DELCATTY	NORMAL		132	127	172
0302	SABLEYE	DARK	GHOST	141	136	137
0302	SABLEYE_COSTUME_2020	DARK	GHOST	141	136	137
0302	SABLEYE_NORMAL	DARK	GHOST	141	136	137
0302	SABLEYE_PURIFIED	DARK	GHOST	141	136	137
0302	SABLEYE_SHADOW	DARK	GHOST	141	136	137
0303	MAWILE	STEEL	FAIRY	155	141	137
0303	MAWILE_NORMAL	STEEL	FAIRY	155	141	137
0303	MAWILE_PURIFIED	STEEL	FAIRY	155	141	137
0303	MAWILE_SHADOW	STEEL	FAIRY	155	141	137
0304	ARON	STEEL	ROCK	121	141	137
0304	ARON_NORMAL	STEEL	ROCK	121	141	137
0304	ARON_PURIFIED	STEEL	ROCK	121	141	137
0304	ARON_SHADOW	STEEL	ROCK	121	141	137
0305	LAIRON	STEEL	ROCK	158	198	155
0305	LAIRON_NORMAL	STEEL	ROCK	158	198	155
0305	LAIRON_PURIFIED	STEEL	ROCK	158	198	155
0305	LAIRON_SHADOW	STEEL	ROCK	158	198	155
0306	AGGRON	STEEL	ROCK	198	257	172
0306	AGGRON_NORMAL	STEEL	ROCK	198	257	172
0306	AGGRON_PURIFIED	STEEL	ROCK	198	257	172
0306	AGGRON_SHADOW	STEEL	ROCK	198	257	172
0307	MEDITITE	FIGHTING	PSYCHIC	78	107	102
0308	MEDICHAM	FIGHTING	PSYCHIC	121	152	155
0309	ELECTRIKE	ELECTRIC		123	78	120
0309	ELECTRIKE_NORMAL	ELECTRIC		123	78	120
0309	ELECTRIKE_PURIFIED	ELECTRIC		123	78	120
0309	ELECTRIKE_SHADOW	ELECTRIC		123	78	120
0310	MANECTRIC	ELECTRIC		215	127	172
0310	MANECTRIC_NORMAL	ELECTRIC		215	127	172
0310	MANECTRIC_PURIFIED	ELECTRIC		215	127	172
0310	MANECTRIC_SHADOW	ELECTRIC		215	127	172
0311	PLUSLE	ELECTRIC		167	129	155
0312	MINUN	ELECTRIC		147	150	155
0313	VOLBEAT	BUG		143	166	163
0314	ILLUMISE	BUG		143	166	163
0315	ROSELIA	GRASS	POISON	186	131	137
0316	GULPIN	POISON		80	99	172
0317	SWALOT	POISON		140	159	225
0318	CARVANHA	WATER	DARK	171	39	128
0318	CARVANHA_NORMAL	WATER	DARK	171	39	128
0318	CARVANHA_PURIFIED	WATER	DARK	171	39	128
0318	CARVANHA_SHADOW	WATER	DARK	171	39	128
0319	SHARPEDO	WATER	DARK	243	83	172
0319	SHARPEDO_NORMAL	WATER	DARK	243	83	172
0319	SHARPEDO_PURIFIED	WATER	DARK	243	83	172
0319	SHARPEDO_SHADOW	WATER	DARK	243	83	172
0320	WAILMER	WATER		136	68	277
0321	WAILORD	WATER		175	87	347
0322	NUMEL	FIRE	GROUND	119	79	155
0323	CAMERUPT	FIRE	GROUND	194	136	172
0324	TORKOAL	FIRE		151	203	172
0325	SPOINK	PSYCHIC		125	122	155
0326	GRUMPIG	PSYCHIC		171	188	190
0327	SPINDA	NORMAL		116	116	155
0328	TRAPINCH	GROUND		162	78	128
0328	TRAPINCH_NORMAL	GROUND		162	78	128
0328	TRAPINCH_PURIFIED	GROUND		162	78	128
0328	TRAPINCH_SHADOW	GROUND		162	78	128
0329	VIBRAVA	GROUND	DRAGON	134	99	137
0329	VIBRAVA_NORMAL	GROUND	DRAGON	134	99	137
0329	VIBRAVA_PURIFIED	GROUND	DRAGON	134	99	137
0329	VIBRAVA_SHADOW	GROUND	DRAGON	134	99	137
0330	FLYGON	GROUND	DRAGON	205	168	190
0330	FLYGON_NORMAL	GROUND	DRAGON	205	168	190
0330	FLYGON_PURIFIED	GROUND	DRAGON	205	168	190
0330	FLYGON_SHADOW	GROUND	DRAGON	205	168	190
0331	CACNEA	GRASS		156	74	137
0331	CACNEA_NORMAL	GRASS		156	74	137
0331	CACNEA_PURIFIED	GRASS		156	74	137
0331	CACNEA_SHADOW	GRASS		156	74	137
0332	CACTURNE	GRASS	DARK	221	115	172
0332	CACTURNE_NORMAL	GRASS	DARK	221	115	172
0332	CACTURNE_PURIFIED	GRASS	DARK	221	115	172
0332	CACTURNE_SHADOW	GRASS	DARK	221	115	172
0333	SWABLU	NORMAL	FLYING	76	132	128
0334	ALTARIA	DRAGON	FLYING	141	201	181
0335	ZANGOOSE	NORMAL		222	124	177
0336	SEVIPER	POISON		196	118	177
0337	LUNATONE	ROCK	PSYCHIC	178	153	207
0338	SOLROCK	ROCK	PSYCHIC	178	153	207
0339	BARBOACH	WATER	GROUND	93	82	137
0340	WHISCASH	WATER	GROUND	151	141	242
0341	CORPHISH	WATER		141	99	125
0342	CRAWDAUNT	WATER	DARK	224	142	160
0343	BALTOY	GROUND	PSYCHIC	77	124	120
0344	CLAYDOL	GROUND	PSYCHIC	140	229	155
0345	LILEEP	ROCK	GRASS	105	150	165
0345	LILEEP_NORMAL	ROCK	GRASS	105	150	165
0345	LILEEP_PURIFIED	ROCK	GRASS	105	150	165
0345	LILEEP_SHADOW	ROCK	GRASS	105	150	165
0346	CRADILY	ROCK	GRASS	152	194	200
0346	CRADILY_NORMAL	ROCK	GRASS	152	194	200
0346	CRADILY_PURIFIED	ROCK	GRASS	152	194	200
0346	CRADILY_SHADOW	ROCK	GRASS	152	194	200
0347	ANORITH	ROCK	BUG	176	100	128
0347	ANORITH_NORMAL	ROCK	BUG	176	100	128
0347	ANORITH_PURIFIED	ROCK	BUG	176	100	128
0347	ANORITH_SHADOW	ROCK	BUG	176	100	128
0348	ARMALDO	ROCK	BUG	222	174	181
0348	ARMALDO_NORMAL	ROCK	BUG	222	174	181
0348	ARMALDO_PURIFIED	ROCK	BUG	222	174	181
0348	ARMALDO_SHADOW	ROCK	BUG	222	174	181
0349	FEEBAS	WATER		29	85	85
0350	MILOTIC	WATER		192	219	216
0351	CASTFORM	NORMAL		139	139	172
0351	CASTFORM_NORMAL	NORMAL		139	139	172
0351	CASTFORM_RAINY	WATER		139	139	172
0351	CASTFORM_SNOWY	ICE		139	139	172
0351	CASTFORM_SUNNY	FIRE		139	139	172
0352	KECLEON	NORMAL		161	189	155
0353	SHUPPET	GHOST		138	65	127
0353	SHUPPET_NORMAL	GHOST		138	65	127
0353	SHUPPET_PURIFIED	GHOST		138	65	127
0353	SHUPPET_SHADOW	GHOST		138	65	127
0354	BANETTE	GHOST		218	126	162
0354	BANETTE_NORMAL	GHOST		218	126	162
0354	BANETTE_PURIFIED	GHOST		218	126	162
0354	BANETTE_SHADOW	GHOST		218	126	162
0355	DUSKULL	GHOST		70	162	85
0355	DUSKULL_NORMAL	GHOST		70	162	85
0355	DUSKULL_PURIFIED	GHOST		70	162	85
0355	DUSKULL_SHADOW	GHOST		70	162	85
0356	DUSCLOPS	GHOST		124	234	120
0356	DUSCLOPS_NORMAL	GHOST		124	234	120
0356	DUSCLOPS_PURIFIED	GHOST		124	234	120
0356	DUSCLOPS_SHADOW	GHOST		124	234	120
0357	TROPIUS	GRASS	FLYING	136	163	223
0358	CHIMECHO	PSYCHIC		175	170	181
0359	ABSOL	DARK		246	120	163
0359	ABSOL_NORMAL	DARK		246	120	163
0359	ABSOL_PURIFIED	DARK		246	120	163
0359	ABSOL_SHADOW	DARK		246	120	163
0360	WYNAUT	PSYCHIC		41	86	216
0361	SNORUNT	ICE		95	95	137
0362	GLALIE	ICE		162	162	190
0363	SPHEAL	ICE	WATER	95	90	172
0363	SPHEAL_NORMAL	ICE	WATER	95	90	172
0363	SPHEAL_PURIFIED	ICE	WATER	95	90	172
0363	SPHEAL_SHADOW	ICE	WATER	95	90	172
0364	SEALEO	ICE	WATER	137	132	207
0364	SEALEO_NORMAL	ICE	WATER	137	132	207
0364	SEALEO_PURIFIED	ICE	WATER	137	132	207
0364	SEALEO_SHADOW	ICE	WATER	137	132	207
0365	WALREIN	ICE	WATER	182	176	242
0365	WALREIN_NORMAL	ICE	WATER	182	176	242
0365	WALREIN_PURIFIED	ICE	WATER	182	176	242
0365	WALREIN_SHADOW	ICE	WATER	182	176	242
0366	CLAMPERL	WATER		133	135	111
0367	HUNTAIL	WATER		197	179	146
0368	GOREBYSS	WATER		211	179	146
0369	RELICANTH	WATER	ROCK	162	203	225
0370	LUVDISC	WATER		81	128	125
0371	BAGON	DRAGON		134	93	128
0371	BAGON_NORMAL	DRAGON		134	93	128
0371	BAGON_PURIFIED	DRAGON		134	93	128
0371	BAGON_SHADOW	DRAGON		134	93	128
0372	SHELGON	DRAGON		172	155	163
0372	SHELGON_NORMAL	DRAGON		172	155	163
0372	SHELGON_PURIFIED	DRAGON		172	155	163
0372	SHELGON_SHADOW	DRAGON		172	155	163
0373	SALAMENCE	DRAGON	FLYING	277	168	216
0373	SALAMENCE_NORMAL	DRAGON	FLYING	277	168	216
0373	SALAMENCE_PURIFIED	DRAGON	FLYING	277	168	216
0373	SALAMENCE_SHADOW	DRAGON	FLYING	277	168	216
0374	BELDUM	STEEL	PSYCHIC	96	132	120
0374	BELDUM_NORMAL	STEEL	PSYCHIC	96	132	120
0374	BELDUM_PURIFIED	STEEL	PSYCHIC	96	132	120
0374	BELDUM_SHADOW	STEEL	PSYCHIC	96	132	120
0375	METANG	STEEL	PSYCHIC	138	176	155
0375	METANG_NORMAL	STEEL	PSYCHIC	138	176	155
0375	METANG_PURIFIED	STEEL	PSYCHIC	138	176	155
0375	METANG_SHADOW	STEEL	PSYCHIC	138	176	155
0376	METAGROSS	STEEL	PSYCHIC	257	228	190
0376	METAGROSS_NORMAL	STEEL	PSYCHIC	257	228	190
0376	METAGROSS_PURIFIED	STEEL	PSYCHIC	257	228	190
0376	METAGROSS_SHADOW	STEEL	PSYCHIC	257	228	190
0377	REGIROCK	ROCK		179	309	190
0378	REGICE	ICE		179	309	190
0379	REGISTEEL	STEEL		143	285	190
0380	LATIAS	DRAGON	PSYCHIC	228	246	190
0381	LATIOS	DRAGON	PSYCHIC	268	212	190
0382	KYOGRE	WATER		270	228	205
0383	GROUDON	GROUND		270	228	205
0384	RAYQUAZA	DRAGON	FLYING	284	170	213
0385	JIRACHI	STEEL	PSYCHIC	210	210	225
0386	DEOXYS	PSYCHIC		345	115	137
0386	DEOXYS_ATTACK	PSYCHIC		414	46	137
0386	DEOXYS_DEFENSE	PSYCHIC		144	330	137
0386	DEOXYS_NORMAL	PSYCHIC		345	115	137
0386	DEOXYS_SPEED	PSYCHIC		230	218	137
0387	TURTWIG	GRASS		119	110	146
0387	TURTWIG_NORMAL	GRASS		119	110	146
0387	TURTWIG_PURIFIED	GRASS		119	110	146
0387	TURTWIG_SHADOW	GRASS		119	110	146
0388	GROTLE	GRASS		157	143	181
0388	GROTLE_NORMAL	GRASS		157	143	181
0388	GROTLE_PURIFIED	GRASS		157	143	181
0388	GROTLE_SHADOW	GRASS		157	143	181
0389	TORTERRA	GRASS	GROUND	202	188	216
0389	TORTERRA_NORMAL	GRASS	GROUND	202	188	216
0389	TORTERRA_PURIFIED	GRASS	GROUND	202	188	216
0389	TORTERRA_SHADOW	GRASS	GROUND	202	188	216
0390	CHIMCHAR	FIRE		113	86	127
0390	CHIMCHAR_NORMAL	FIRE		113	86	127
0390	CHIMCHAR_PURIFIED	FIRE		113	86	127
0390	CHIMCHAR_SHADOW	FIRE		113	86	127
0391	MONFERNO	FIRE	FIGHTING	158	105	162
0391	MONFERNO_NORMAL	FIRE	FIGHTING	158	105	162
0391	MONFERNO_PURIFIED	FIRE	FIGHTING	158	105	162
0391	MONFERNO_SHADOW	FIRE	FIGHTING	158	105	162
0392	INFERNAPE	FIRE	FIGHTING	222	151	183
0392	INFERNAPE_NORMAL	FIRE	FIGHTING	222	151	183
0392	INFERNAPE_PURIFIED	FIRE	FIGHTING	222	151	183
0392	INFERNAPE_SHADOW	FIRE	FIGHTING	222	151	183
0393	PIPLUP	WATER		112	102	142
0394	PRINPLUP	WATER		150	139	162
0395	EMPOLEON	WATER	STEEL	210	186	197
0396	STARLY	NORMAL	FLYING	101	58	120
0396	STARLY_NORMAL	NORMAL	FLYING	101	58	120
0396	STARLY_PURIFIED	NORMAL	FLYING	101	58	120
0396	STARLY_SHADOW	NORMAL	FLYING	101	58	120
0397	STARAVIA	NORMAL	FLYING	142	94	146
0397	STARAVIA_NORMAL	NORMAL	FLYING	142	94	146
0397	STARAVIA_PURIFIED	NORMAL	FLYING	142	94	146
0397	STARAVIA_SHADOW	NORMAL	FLYING	142	94	146
0398	STARAPTOR	NORMAL	FLYING	234	140	198
0398	STARAPTOR_NORMAL	NORMAL	FLYING	234	140	198
0398	STARAPTOR_PURIFIED	NORMAL	FLYING	234	140	198
0398	STARAPTOR_SHADOW	NORMAL	FLYING	234	140	198
0399	BIDOOF	NORMAL		80	73	153
0399	BIDOOF_NORMAL	NORMAL		80	73	153
0399	BIDOOF_PURIFIED	NORMAL		80	73	153
0399	BIDOOF_SHADOW	NORMAL		80	73	153
0400	BIBAREL	NORMAL	WATER	162	119	188
0400	BIBAREL_NORMAL	NORMAL	WATER	162	119	188
0400	BIBAREL_PURIFIED	NORMAL	WATER	162	119	188
0400	BIBAREL_SHADOW	NORMAL	WATER	162	119	188
0401	KRICKETOT	BUG		45	74	114
0402	KRICKETUNE	BUG		160	100	184
0403	SHINX	ELECTRIC		117	64	128
0404	LUXIO	ELECTRIC		159	95	155
0405	LUXRAY	ELECTRIC		232	156	190
0406	BUDEW	GRASS	POISON	91	109	120
0407	ROSERADE	GRASS	POISON	243	185	155
0408	CRANIDOS	ROCK		218	71	167
0409	RAMPARDOS	ROCK		295	109	219
0410	SHIELDON	ROCK	STEEL	76	195	102
0411	BASTIODON	ROCK	STEEL	94	286	155
0412	BURMY	BUG		53	83	120
0412	BURMY_PLANT	BUG		53	83	120
0412	BURMY_SANDY	BUG		53	83	120
0412	BURMY_TRASH	BUG		53	83	120
0413	WORMADAM	BUG	GRASS	141	180	155
0413	WORMADAM_PLANT	BUG	GRASS	141	180	155
0413	WORMADAM_SANDY	BUG	GROUND	141	180	155
0413	WORMADAM_TRASH	BUG	STEEL	127	175	155
0414	MOTHIM	BUG	FLYING	185	98	172
0415	COMBEE	BUG	FLYING	59	83	102
0416	VESPIQUEN	BUG	FLYING	149	190	172
0417	PACHIRISU	ELECTRIC		94	172	155
0418	BUIZEL	WATER		132	67	146
0419	FLOATZEL	WATER		221	114	198
0420	CHERUBI	GRASS		108	92	128
0421	CHERRIM	GRASS		170	153	172
0421	CHERRIM_OVERCAST	GRASS		170	153	172
0421	CHERRIM_SUNNY	GRASS		170	153	172
0422	SHELLOS	WATER		103	105	183
0422	SHELLOS_EAST_SEA	WATER		103	105	183
0422	SHELLOS_WEST_SEA	WATER		103	105	183
0423	GASTRODON	WATER	GROUND	169	143	244
0423	GASTRODON_EAST_SEA	WATER	GROUND	169	143	244
0423	GASTRODON_WEST_SEA	WATER	GROUND	169	143	244
0424	AMBIPOM	NORMAL		205	143	181
0424	AMBIPOM_NORMAL	NORMAL		205	143	181
0424	AMBIPOM_PURIFIED	NORMAL		205	143	181
0424	AMBIPOM_SHADOW	NORMAL		205	143	181
0425	DRIFLOON	GHOST	FLYING	117	80	207
0426	DRIFBLIM	GHOST	FLYING	180	102	312
0427	BUNEARY	NORMAL		130	105	146
0428	LOPUNNY	NORMAL		156	194	163
0429	MISMAGIUS	GHOST		211	187	155
0429	MISMAGIUS_NORMAL	GHOST		211	187	155
0429	MISMAGIUS_PURIFIED	GHOST		211	187	155
0429	MISMAGIUS_SHADOW	GHOST		211	187	155
0430	HONCHKROW	DARK	FLYING	243	103	225
0430	HONCHKROW_NORMAL	DARK	FLYING	243	103	225
0430	HONCHKROW_PURIFIED	DARK	FLYING	243	103	225
0430	HONCHKROW_SHADOW	DARK	FLYING	243	103	225
0431	GLAMEOW	NORMAL		109	82	135
0432	PURUGLY	NORMAL		172	133	174
0433	CHINGLING	PSYCHIC		114	94	128
0434	STUNKY	POISON	DARK	121	90	160
0434	STUNKY_NORMAL	POISON	DARK	121	90	160
0434	STUNKY_PURIFIED	POISON	DARK	121	90	160
0434	STUNKY_SHADOW	POISON	DARK	121	90	160
0435	SKUNTANK	POISON	DARK	184	132	230
0435	SKUNTANK_NORMAL	POISON	DARK	184	132	230
0435	SKUNTANK_PURIFIED	POISON	DARK	184	132	230
0435	SKUNTANK_SHADOW	POISON	DARK	184	132	230
0436	BRONZOR	STEEL	PSYCHIC	43	154	149
0437	BRONZONG	STEEL	PSYCHIC	161	213	167
0438	BONSLY	ROCK		124	133	137
0439	MIME_JR	PSYCHIC	FAIRY	125	142	85
0440	HAPPINY	NORMAL		25	77	225
0441	CHATOT	NORMAL	FLYING	183	91	183
0442	SPIRITOMB	GHOST	DARK	169	199	137
0443	GIBLE	DRAGON	GROUND	124	84	151
0443	GIBLE_NORMAL	DRAGON	GROUND	124	84	151
0443	GIBLE_PURIFIED	DRAGON	GROUND	124	84	151
0443	GIBLE_SHADOW	DRAGON	GROUND	124	84	151
0444	GABITE	DRAGON	GROUND	172	125	169
0444	GABITE_NORMAL	DRAGON	GROUND	172	125	169
0444	GABITE_PURIFIED	DRAGON	GROUND	172	125	169
0444	GABITE_SHADOW	DRAGON	GROUND	172	125	169
0445	GARCHOMP	DRAGON	GROUND	261	193	239
0445	GARCHOMP_NORMAL	DRAGON	GROUND	261	193	239
0445	GARCHOMP_PURIFIED	DRAGON	GROUND	261	193	239
0445	GARCHOMP_SHADOW	DRAGON	GROUND	261	193	239
0446	MUNCHLAX	NORMAL		137	117	286
0447	RIOLU	FIGHTING		127	78	120
0448	LUCARIO	FIGHTING	STEEL	236	144	172
0449	HIPPOPOTAS	GROUND		124	118	169
0449	HIPPOPOTAS_NORMAL	GROUND		124	118	169
0449	HIPPOPOTAS_PURIFIED	GROUND		124	118	169
0449	HIPPOPOTAS_SHADOW	GROUND		124	118	169
0450	HIPPOWDON	GROUND		201	191	239
0450	HIPPOWDON_NORMAL	GROUND		201	191	239
0450	HIPPOWDON_PURIFIED	GROUND		201	191	239
0450	HIPPOWDON_SHADOW	GROUND		201	191	239
0451	SKORUPI	POISON	BUG	93	151	120
0451	SKORUPI_NORMAL	POISON	BUG	93	151	120
0451	SKORUPI_PURIFIED	POISON	BUG	93	151	120
0451	SKORUPI_SHADOW	POISON	BUG	93	151	120
0452	DRAPION	POISON	DARK	180	202	172
0452	DRAPION_NORMAL	POISON	DARK	180	202	172
0452	DRAPION_PURIFIED	POISON	DARK	180	202	172
0452	DRAPION_SHADOW	POISON	DARK	180	202	172
0453	CROAGUNK	POISON	FIGHTING	116	76	134
0454	TOXICROAK	POISON	FIGHTING	211	133	195
0455	CARNIVINE	GRASS		187	136	179
0456	FINNEON	WATER		96	116	135
0457	LUMINEON	WATER		142	170	170
0458	MANTYKE	WATER	FLYING	105	179	128
0459	SNOVER	GRASS	ICE	115	105	155
0459	SNOVER_NORMAL	GRASS	ICE	115	105	155
0459	SNOVER_PURIFIED	GRASS	ICE	115	105	155
0459	SNOVER_SHADOW	GRASS	ICE	115	105	155
0460	ABOMASNOW	GRASS	ICE	178	158	207
0460	ABOMASNOW_NORMAL	GRASS	ICE	178	158	207
0460	ABOMASNOW_PURIFIED	GRASS	ICE	178	158	207
0460	ABOMASNOW_SHADOW	GRASS	ICE	178	158	207
0461	WEAVILE	DARK	ICE	243	171	172
0461	WEAVILE_NORMAL	DARK	ICE	243	171	172
0461	WEAVILE_PURIFIED	DARK	ICE	243	171	172
0461	WEAVILE_SHADOW	DARK	ICE	243	171	172
0462	MAGNEZONE	ELECTRIC	STEEL	238	205	172
0462	MAGNEZONE_NORMAL	ELECTRIC	STEEL	238	205	172
0462	MAGNEZONE_PURIFIED	ELECTRIC	STEEL	238	205	172
0462	MAGNEZONE_SHADOW	ELECTRIC	STEEL	238	205	172
0463	LICKILICKY	NORMAL		161	181	242
0464	RHYPERIOR	GROUND	ROCK	241	190	251
0464	RHYPERIOR_NORMAL	GROUND	ROCK	241	190	251
0464	RHYPERIOR_PURIFIED	GROUND	ROCK	241	190	251
0464	RHYPERIOR_SHADOW	GROUND	ROCK	241	190	251
0465	TANGROWTH	GRASS		207	184	225
0465	TANGROWTH_NORMAL	GRASS		207	184	225
0465	TANGROWTH_PURIFIED	GRASS		207	184	225
0465	TANGROWTH_SHADOW	GRASS		207	184	225
0466	ELECTIVIRE	ELECTRIC		249	163	181
0466	ELECTIVIRE_NORMAL	ELECTRIC		249	163	181
0466	ELECTIVIRE_PURIFIED	ELECTRIC		249	163	181
0466	ELECTIVIRE_SHADOW	ELECTRIC		249	163	181
0467	MAGMORTAR	FIRE		247	172	181
0467	MAGMORTAR_NORMAL	FIRE		247	172	181
0467	MAGMORTAR_PURIFIED	FIRE		247	172	181
0467	MAGMORTAR_SHADOW	FIRE		247	172	181
0468	TOGEKISS	FAIRY	FLYING	225	217	198
0469	YANMEGA	BUG	FLYING	231	156	200
0470	LEAFEON	GRASS		216	219	163
0471	GLACEON	ICE		238	205	163
0472	GLISCOR	GROUND	FLYING	185	222	181
0472	GLISCOR_NORMAL	GROUND	FLYING	185	222	181
0472	GLISCOR_PURIFIED	GROUND	FLYING	185	222	181
0472	GLISCOR_SHADOW	GROUND	FLYING	185	222	181
0473	MAMOSWINE	ICE	GROUND	247	146	242
0473	MAMOSWINE_NORMAL	ICE	GROUND	247	146	242
0473	MAMOSWINE_PURIFIED	ICE	GROUND	247	146	242
0473	MAMOSWINE_SHADOW	ICE	GROUND	247	146	242
0474	PORYGON_Z	NORMAL		264	150	198
0474	PORYGON_Z_NORMAL	NORMAL		264	150	198
0474	PORYGON_Z_PURIFIED	NORMAL		264	150	198
0474	PORYGON_Z_SHADOW	NORMAL		264	150	198
0475	GALLADE	PSYCHIC	FIGHTING	237	195	169
0475	GALLADE_NORMAL	PSYCHIC	FIGHTING	237	195	169
0475	GALLADE_PURIFIED	PSYCHIC	FIGHTING	237	195	169
0475	GALLADE_SHADOW	PSYCHIC	FIGHTING	237	195	169
0476	PROBOPASS	ROCK	STEEL	135	275	155
0476	PROBOPASS_NORMAL	ROCK	STEEL	135	275	155
0476	PROBOPASS_PURIFIED	ROCK	STEEL	135	275	155
0476	PROBOPASS_SHADOW	ROCK	STEEL	135	275	155
0477	DUSKNOIR	GHOST		180	254	128
0477	DUSKNOIR_NORMAL	GHOST		180	254	128
0477	DUSKNOIR_PURIFIED	GHOST		180	254	128
0477	DUSKNOIR_SHADOW	GHOST		180	254	128
0478	FROSLASS	ICE	GHOST	171	150	172
0479	ROTOM	ELECTRIC	GHOST	185	159	137
0479	ROTOM_FAN	ELECTRIC	FLYING	204	219	137
0479	ROTOM_FROST	ELECTRIC	ICE	204	219	137
0479	ROTOM_HEAT	ELECTRIC	FIRE	204	219	137
0479	ROTOM_MOW	ELECTRIC	GRASS	204	219	137
0479	ROTOM_NORMAL	ELECTRIC	GHOST	185	159	137
0479	ROTOM_WASH	ELECTRIC	WATER	204	219	137
0480	UXIE	PSYCHIC		156	270	181
0481	MESPRIT	PSYCHIC		212	212	190
0482	AZELF	PSYCHIC		270	151	181
0483	DIALGA	STEEL	DRAGON	275	211	205
0484	PALKIA	WATER	DRAGON	280	215	189
0485	HEATRAN	FIRE	STEEL	251	213	209
0486	REGIGIGAS	NORMAL		287	210	221
0487	GIRATINA	GHOST	DRAGON	187	225	284
0487	GIRATINA_ALTERED	GHOST	DRAGON	187	225	284
0487	GIRATINA_ORIGIN	GHOST	DRAGON	225	187	284
0488	CRESSELIA	PSYCHIC		152	258	260
0489	PHIONE	WATER		162	162	190
0490	MANAPHY	WATER		210	210	225
0491	DARKRAI	DARK		285	198	172
0492	SHAYMIN	GRASS		210	210	225
0492	SHAYMIN_LAND	GRASS		210	210	225
0492	SHAYMIN_SKY	GRASS	FLYING	261	166	225
0493	ARCEUS	NORMAL		238	238	237
0493	ARCEUS_BUG	BUG		238	238	237
0493	ARCEUS_DARK	DARK		238	238	237
0493	ARCEUS_DRAGON	DRAGON		238	238	237
0493	ARCEUS_ELECTRIC	ELECTRIC		238	238	237
0493	ARCEUS_FAIRY	FAIRY		238	238	237
0493	ARCEUS_FIGHTING	FIGHTING		238	238	237
0493	ARCEUS_FIRE	FIRE		238	238	237
0493	ARCEUS_FLYING	FLYING		238	238	237
0493	ARCEUS_GHOST	GHOST		238	238	237
0493	ARCEUS_GRASS	GRASS		238	238	237
0493	ARCEUS_GROUND	GROUND		238	238	237
0493	ARCEUS_ICE	ICE		238	238	237
0493	ARCEUS_NORMAL	NORMAL		238	238	237
0493	ARCEUS_POISON	POISON		238	238	237
0493	ARCEUS_PSYCHIC	PSYCHIC		238	238	237
0493	ARCEUS_ROCK	ROCK		238	238	237
0493	ARCEUS_STEEL	STEEL		238	238	237
0493	ARCEUS_WATER	WATER		238	238	237
0494	VICTINI	PSYCHIC	FIRE	210	210	225
0495	SNIVY	GRASS		88	107	128
0496	SERVINE	GRASS		122	152	155
0497	SERPERIOR	GRASS		161	204	181
0498	TEPIG	FIRE		115	85	163
0499	PIGNITE	FIRE	FIGHTING	173	106	207
0500	EMBOAR	FIRE	FIGHTING	235	127	242
0501	OSHAWOTT	WATER		117	85	146
0502	DEWOTT	WATER		159	116	181
0503	SAMUROTT	WATER		212	157	216
0504	PATRAT	NORMAL		98	73	128
0505	WATCHOG	NORMAL		165	139	155
0506	LILLIPUP	NORMAL		107	86	128
0507	HERDIER	NORMAL		145	126	163
0508	STOUTLAND	NORMAL		206	182	198
0509	PURRLOIN	DARK		98	73	121
0510	LIEPARD	DARK		187	106	162
0511	PANSAGE	GRASS		104	94	137
0512	SIMISAGE	GRASS		206	133	181
0513	PANSEAR	FIRE		104	94	137
0514	SIMISEAR	FIRE		206	133	181
0515	PANPOUR	WATER		104	94	137
0516	SIMIPOUR	WATER		206	133	181
0517	MUNNA	PSYCHIC		111	92	183
0518	MUSHARNA	PSYCHIC		183	166	253
0519	PIDOVE	NORMAL	FLYING	98	80	137
0520	TRANQUILL	NORMAL	FLYING	144	107	158
0521	UNFEZANT	NORMAL	FLYING	226	146	190
0522	BLITZLE	ELECTRIC		118	64	128
0523	ZEBSTRIKA	ELECTRIC		211	136	181
0524	ROGGENROLA	ROCK		121	110	146
0525	BOLDORE	ROCK		174	143	172
0526	GIGALITH	ROCK		226	201	198
0527	WOOBAT	PSYCHIC	FLYING	107	85	163
0528	SWOOBAT	PSYCHIC	FLYING	161	119	167
0529	DRILBUR	GROUND		154	85	155
0530	EXCADRILL	GROUND	STEEL	255	129	242
0531	AUDINO	NORMAL		114	163	230
0532	TIMBURR	FIGHTING		134	87	181
0533	GURDURR	FIGHTING		180	134	198
0534	CONKELDURR	FIGHTING		243	158	233
0535	TYMPOLE	WATER		98	78	137
0536	PALPITOAD	WATER	GROUND	128	109	181
0537	SEISMITOAD	WATER	GROUND	188	150	233
0538	THROH	FIGHTING		172	160	260
0539	SAWK	FIGHTING		231	153	181
0540	SEWADDLE	BUG	GRASS	96	124	128
0541	SWADLOON	BUG	GRASS	115	162	146
0542	LEAVANNY	BUG	GRASS	205	165	181
0543	VENIPEDE	BUG	POISON	83	99	102
0544	WHIRLIPEDE	BUG	POISON	100	173	120
0545	SCOLIPEDE	BUG	POISON	203	175	155
0546	COTTONEE	GRASS	FAIRY	71	111	120
0547	WHIMSICOTT	GRASS	FAIRY	164	176	155
0548	PETILIL	GRASS		119	91	128
0549	LILLIGANT	GRASS		214	155	172
0550	BASCULIN	WATER		189	129	172
0550	BASCULIN_BLUE_STRIPED	WATER		189	129	172
0550	BASCULIN_RED_STRIPED	WATER		189	129	172
0551	SANDILE	GROUND	DARK	132	69	137
0552	KROKOROK	GROUND	DARK	155	90	155
0553	KROOKODILE	GROUND	DARK	229	158	216
0554	DARUMAKA	FIRE		153	86	172
0554	DARUMAKA_GALARIAN	ICE		153	86	172
0554	DARUMAKA_NORMAL	FIRE		153	86	172
0554	DARUMAKA_PURIFIED	FIRE		153	86	172
0554	DARUMAKA_SHADOW	FIRE		153	86	172
0555	DARMANITAN	FIRE		263	114	233
0555	DARMANITAN_GALARIAN_STANDARD	ICE		263	114	233
0555	DARMANITAN_GALARIAN_ZEN	ICE	FIRE	323	123	233
0555	DARMANITAN_STANDARD	FIRE		263	114	233
0555	DARMANITAN_ZEN	FIRE	PSYCHIC	243	202	233
0556	MARACTUS	GRASS		201	130	181
0557	DWEBBLE	BUG	ROCK	118	128	137
0558	CRUSTLE	BUG	ROCK	188	200	172
0559	SCRAGGY	DARK	FIGHTING	132	132	137
0560	SCRAFTY	DARK	FIGHTING	163	222	163
0561	SIGILYPH	PSYCHIC	FLYING	204	167	176
0562	YAMASK	GHOST		95	141	116
0562	YAMASK_GALARIAN	GROUND	GHOST	95	141	116
0562	YAMASK_NORMAL	GHOST		95	141	116
0562	YAMASK_PURIFIED	GHOST		95	141	116
0562	YAMASK_SHADOW	GHOST		95	141	116
0563	COFAGRIGUS	GHOST		163	237	151
0563	COFAGRIGUS_NORMAL	GHOST		163	237	151
0563	COFAGRIGUS_PURIFIED	GHOST		163	237	151
0563	COFAGRIGUS_SHADOW	GHOST		163	237	151
0564	TIRTOUGA	WATER	ROCK	134	146	144
0565	CARRACOSTA	WATER	ROCK	192	197	179
0566	ARCHEN	ROCK	FLYING	213	89	146
0567	ARCHEOPS	ROCK	FLYING	292	139	181
0568	TRUBBISH	POISON		96	122	137
0569	GARBODOR	POISON		181	164	190
0570	ZORUA	DARK		153	78	120
0571	ZOROARK	DARK		250	127	155
0572	MINCCINO	NORMAL		98	80	146
0573	CINCCINO	NORMAL		198	130	181
0574	GOTHITA	PSYCHIC		98	112	128
0575	GOTHORITA	PSYCHIC		137	153	155
0576	GOTHITELLE	PSYCHIC		176	205	172
0577	SOLOSIS	PSYCHIC		170	83	128
0578	DUOSION	PSYCHIC		208	103	163
0579	REUNICLUS	PSYCHIC		214	148	242
0580	DUCKLETT	WATER	FLYING	84	96	158
0581	SWANNA	WATER	FLYING	182	132	181
0582	VANILLITE	ICE		118	106	113
0583	VANILLISH	ICE		151	138	139
0584	VANILLUXE	ICE		218	184	174
0585	DEERLING	NORMAL	GRASS	115	100	155
0585	DEERLING_AUTUMN	NORMAL	GRASS	115	100	155
0585	DEERLING_SPRING	NORMAL	GRASS	115	100	155
0585	DEERLING_SUMMER	NORMAL	GRASS	115	100	155
0585	DEERLING_WINTER	NORMAL	GRASS	115	100	155
0586	SAWSBUCK	NORMAL	GRASS	198	146	190
0586	SAWSBUCK_AUTUMN	NORMAL	GRASS	198	146	190
0586	SAWSBUCK_SPRING	NORMAL	GRASS	198	146	190
0586	SAWSBUCK_SUMMER	NORMAL	GRASS	198	146	190
0586	SAWSBUCK_WINTER	NORMAL	GRASS	198	146	190
0587	EMOLGA	ELECTRIC	FLYING	158	127	146
0588	KARRABLAST	BUG		137	87	137
0589	ESCAVALIER	BUG	STEEL	223	187	172
0590	FOONGUS	GRASS	POISON	97	91	170
0591	AMOONGUSS	GRASS	POISON	155	139	249
0592	FRILLISH	WATER	GHOST	115	134	146
0592	FRILLISH_FEMALE	WATER	GHOST	115	134	146
0592	FRILLISH_NORMAL	WATER	GHOST	115	134	146
0593	JELLICENT	WATER	GHOST	159	178	225
0593	JELLICENT_FEMALE	WATER	GHOST	159	178	225
0593	JELLICENT_NORMAL	WATER	GHOST	159	178	225
0594	ALOMOMOLA	WATER		138	131	338
0595	JOLTIK	BUG	ELECTRIC	110	98	137
0596	GALVANTULA	BUG	ELECTRIC	201	128	172
0597	FERROSEED	GRASS	STEEL	82	155	127
0598	FERROTHORN	GRASS	STEEL	158	223	179
0599	KLINK	STEEL		98	121	120
0600	KLANG	STEEL		150	174	155
0601	KLINKLANG	STEEL		199	214	155
0602	TYNAMO	ELECTRIC		105	78	111
0603	EELEKTRIK	ELECTRIC		156	130	163
0604	EELEKTROSS	ELECTRIC		217	152	198
0605	ELGYEM	PSYCHIC		148	100	146
0606	BEHEEYEM	PSYCHIC		221	163	181
0607	LITWICK	GHOST	FIRE	108	98	137
0608	LAMPENT	GHOST	FIRE	169	115	155
0609	CHANDELURE	GHOST	FIRE	271	182	155
0610	AXEW	DRAGON		154	101	130
0611	FRAXURE	DRAGON		212	123	165
0612	HAXORUS	DRAGON		284	172	183
0613	CUBCHOO	ICE		128	74	146
0613	CUBCHOO_NORMAL	ICE		128	74	146
0613	CUBCHOO_WINTER_2020	ICE		128	74	146
0614	BEARTIC	ICE		233	152	216
0615	CRYOGONAL	ICE		190	218	190
0616	SHELMET	BUG		72	140	137
0617	ACCELGOR	BUG		220	120	190
0618	STUNFISK	GROUND	ELECTRIC	144	171	240
0618	STUNFISK_GALARIAN	GROUND	STEEL	144	171	240
0618	STUNFISK_NORMAL	GROUND	ELECTRIC	144	171	240
0618	STUNFISK_PURIFIED	GROUND	ELECTRIC	144	171	240
0618	STUNFISK_SHADOW	GROUND	ELECTRIC	144	171	240
0619	MIENFOO	FIGHTING		160	98	128
0620	MIENSHAO	FIGHTING		258	127	163
0621	DRUDDIGON	DRAGON		213	170	184
0622	GOLETT	GROUND	GHOST	127	92	153
0623	GOLURK	GROUND	GHOST	222	154	205
0624	PAWNIARD	DARK	STEEL	154	114	128
0625	BISHARP	DARK	STEEL	232	176	163
0626	BOUFFALANT	NORMAL		195	182	216
0627	RUFFLET	NORMAL	FLYING	150	97	172
0628	BRAVIARY	NORMAL	FLYING	232	152	225
0629	VULLABY	DARK	FLYING	105	139	172
0630	MANDIBUZZ	DARK	FLYING	129	205	242
0631	HEATMOR	FIRE		204	129	198
0632	DURANT	BUG	STEEL	217	188	151
0633	DEINO	DARK	DRAGON	116	93	141
0634	ZWEILOUS	DARK	DRAGON	159	135	176
0635	HYDREIGON	DARK	DRAGON	256	188	211
0636	LARVESTA	BUG	FIRE	156	107	146
0637	VOLCARONA	BUG	FIRE	264	189	198
0638	COBALION	STEEL	FIGHTING	192	229	209
0639	TERRAKION	ROCK	FIGHTING	260	192	209
0640	VIRIZION	GRASS	FIGHTING	192	229	209
0641	TORNADUS	FLYING		266	164	188
0641	TORNADUS_INCARNATE	FLYING		266	164	188
0641	TORNADUS_THERIAN	FLYING		238	189	188
0642	THUNDURUS	ELECTRIC	FLYING	266	164	188
0642	THUNDURUS_INCARNATE	ELECTRIC	FLYING	266	164	188
0642	THUNDURUS_THERIAN	ELECTRIC	FLYING	295	161	188
0643	RESHIRAM	DRAGON	FIRE	275	211	205
0644	ZEKROM	DRAGON	ELECTRIC	275	211	205
0645	LANDORUS	GROUND	FLYING	261	182	205
0645	LANDORUS_INCARNATE	GROUND	FLYING	261	182	205
0645	LANDORUS_THERIAN	GROUND	FLYING	289	179	205
0646	KYUREM	DRAGON	ICE	246	170	245
0646	KYUREM_BLACK	DRAGON	ICE	310	183	245
0646	KYUREM_NORMAL	DRAGON	ICE	246	170	245
0646	KYUREM_WHITE	DRAGON	ICE	310	183	245
0647	KELDEO	WATER	FIGHTING	260	192	209
0647	KELDEO_ORDINARY	WATER	FIGHTING	260	192	209
0647	KELDEO_RESOLUTE	WATER	FIGHTING	260	192	209
0648	MELOETTA	NORMAL	PSYCHIC	250	225	225
0648	MELOETTA_ARIA	NORMAL	PSYCHIC	250	225	225
0648	MELOETTA_PIROUETTE	NORMAL	FIGHTING	269	188	225
0649	GENESECT	BUG	STEEL	252	199	174
0649	GENESECT_BURN	BUG	STEEL	252	199	174
0649	GENESECT_CHILL	BUG	STEEL	252	199	174
0649	GENESECT_DOUSE	BUG	STEEL	252	199	174
0649	GENESECT_NORMAL	BUG	STEEL	252	199	174
0649	GENESECT_SHOCK	BUG	STEEL	252	199	174
0650	CHESPIN	GRASS		110	106	148
0651	QUILLADIN	GRASS		146	156	156
0652	CHESNAUGHT	GRASS	FIGHTING	201	204	204
0653	FENNEKIN	FIRE		116	102	120
0654	BRAIXEN	FIRE		171	130	153
0655	DELPHOX	FIRE	PSYCHIC	230	189	181
0656	FROAKIE	WATER		122	84	121
0657	FROGADIER	WATER		168	114	144
0658	GRENINJA	WATER	DARK	223	152	176
0659	BUNNELBY	NORMAL		68	72	116
0660	DIGGERSBY	NORMAL	GROUND	112	155	198
0661	FLETCHLING	NORMAL	FLYING	95	80	128
0662	FLETCHINDER	FIRE	FLYING	145	110	158
0663	TALONFLAME	FIRE	FLYING	176	155	186
0664	SCATTERBUG	BUG		63	63	116
0665	SPEWPA	BUG		48	89	128
0666	VIVILLON	BUG	FLYING	176	103	190
0667	LITLEO	FIRE	NORMAL	139	112	158
0668	PYROAR	FIRE	NORMAL	221	149	200
0668	PYROAR_FEMALE	FIRE	NORMAL	221	149	200
0668	PYROAR_NORMAL	FIRE	NORMAL	221	149	200
0669	FLABEBE	FAIRY		108	120	127
0670	FLOETTE	FAIRY		136	151	144
0671	FLORGES	FAIRY		212	244	186
0672	SKIDDO	GRASS		123	102	165
0673	GOGOAT	GRASS		196	146	265
0674	PANCHAM	FIGHTING		145	107	167
0675	PANGORO	FIGHTING	DARK	226	146	216
0676	FURFROU	NORMAL		164	167	181
0676	FURFROU_DANDY	NORMAL		164	167	181
0676	FURFROU_DEBUTANTE	NORMAL		164	167	181
0676	FURFROU_DIAMOND	NORMAL		164	167	181
0676	FURFROU_HEART	NORMAL		164	167	181
0676	FURFROU_KABUKI	NORMAL		164	167	181
0676	FURFROU_LA_REINE	NORMAL		164	167	181
0676	FURFROU_MATRON	NORMAL		164	167	181
0676	FURFROU_NATURAL	NORMAL		164	167	181
0676	FURFROU_PHARAOH	NORMAL		164	167	181
0676	FURFROU_STAR	NORMAL		164	167	181
0677	ESPURR	PSYCHIC		120	114	158
0678	MEOWSTIC	PSYCHIC		166	167	179
0678	MEOWSTIC_FEMALE	PSYCHIC		166	167	179
0678	MEOWSTIC_NORMAL	PSYCHIC		166	167	179
0679	HONEDGE	STEEL	GHOST			
0680	DOUBLADE	STEEL	GHOST			
0681	AEGISLASH	STEEL	GHOST			
0682	SPRITZEE	FAIRY		110	113	186
0683	AROMATISSE	FAIRY		173	150	226
0684	SWIRLIX	FAIRY		109	119	158
0685	SLURPUFF	FAIRY		168	163	193
0686	INKAY	DARK	PSYCHIC	98	95	142
0687	MALAMAR	DARK	PSYCHIC	177	165	200
0688	BINACLE	ROCK	WATER	96	120	123
0689	BARBARACLE	ROCK	WATER	194	205	176
0690	SKRELP	POISON	WATER	109	109	137
0691	DRAGALGE	POISON	DRAGON	177	207	163
0692	CLAUNCHER	WATER		108	117	137
0693	CLAWITZER	WATER		221	171	174
0694	HELIOPTILE	ELECTRIC	NORMAL	115	78	127
0695	HELIOLISK	ELECTRIC	NORMAL	219	168	158
0696	TYRUNT	ROCK	DRAGON	158	123	151
0697	TYRANTRUM	ROCK	DRAGON	227	191	193
0698	AMAURA	ROCK	ICE	124	109	184
0699	AURORUS	ROCK	ICE	186	163	265
0700	SYLVEON	FAIRY		203	205	216
0701	HAWLUCHA	FIGHTING	FLYING	195	153	186
0702	DEDENNE	ELECTRIC	FAIRY	164	134	167
0703	CARBINK	ROCK	FAIRY	95	285	137
0704	GOOMY	DRAGON		101	112	128
0705	SLIGGOO	DRAGON		159	176	169
0706	GOODRA	DRAGON		220	242	207
0707	KLEFKI	STEEL	FAIRY	160	179	149
0708	PHANTUMP	GHOST	GRASS	125	103	125
0709	TREVENANT	GHOST	GRASS	201	154	198
0710	PUMPKABOO	GHOST	GRASS	121	123	135
0711	GOURGEIST	GHOST	GRASS	175	213	163
0712	BERGMITE	ICE		117	120	146
0713	AVALUGG	ICE		196	240	216
0714	NOIBAT	FLYING	DRAGON	83	73	120
0715	NOIVERN	FLYING	DRAGON	205	175	198
0716	XERNEAS	FAIRY		250	185	246
0717	YVELTAL	DARK	FLYING	250	185	246
0718	ZYGARDE	DRAGON	GROUND			
0808	MELTAN	STEEL		118	99	130
0809	MELMETAL	STEEL		226	190	264
0862	OBSTAGOON	DARK	NORMAL	180	194	212
0862	OBSTAGOON_NORMAL	DARK	NORMAL	180	194	212
0862	OBSTAGOON_PURIFIED	DARK	NORMAL	180	194	212
0862	OBSTAGOON_SHADOW	DARK	NORMAL	180	194	212
0863	PERRSERKER	STEEL		195	162	172
0863	PERRSERKER_NORMAL	STEEL		195	162	172
0863	PERRSERKER_PURIFIED	STEEL		195	162	172
0863	PERRSERKER_SHADOW	STEEL		195	162	172
0865	SIRFETCHD	FIGHTING		248	176	158
0865	SIRFETCHD_NORMAL	FIGHTING		248	176	158
0865	SIRFETCHD_PURIFIED	FIGHTING		248	176	158
0865	SIRFETCHD_SHADOW	FIGHTING		248	176	158
0866	MR_RIME	ICE	PSYCHIC	212	179	190
0866	MR_RIME_NORMAL	ICE	PSYCHIC	212	179	190
0866	MR_RIME_PURIFIED	ICE	PSYCHIC	212	179	190
0866	MR_RIME_SHADOW	ICE	PSYCHIC	212	179	190
0867	RUNERIGUS	GROUND	GHOST	163	237	151
0867	RUNERIGUS_NORMAL	GROUND	GHOST	163	237	151
0867	RUNERIGUS_PURIFIED	GROUND	GHOST	163	237	151
0867	RUNERIGUS_SHADOW	GROUND	GHOST	163	237	151
